{"Time":{"0":0.004588604,"1":0.0039961338,"2":0.0030043125,"3":0.004594326,"4":0.0029966831,"5":0.0040018559,"6":0.0035910606,"7":0.0038306713,"8":0.003367424,"9":0.0041022301,"10":0.0029392242,"11":0.0036797523,"12":0.0039551258,"13":0.0029866695,"14":0.0036244392,"15":0.0049905777,"16":0.0035946369,"17":0.004045248,"18":0.0040285587,"19":0.0026128292,"20":0.0040359497,"21":0.0029616356,"22":0.0045847893,"23":0.003026247,"24":0.0045449734,"25":0.0040454865,"26":0.0030059814,"27":0.0036051273,"28":0.0029728413,"29":0.004029274,"30":0.003629446,"31":0.0040044785,"32":0.0040025711,"33":0.0036160946,"34":0.0039756298,"35":0.0042221546,"36":0.0030026436,"37":0.0039973259,"38":0.0036571026,"39":0.0030109882,"40":0.0029609203,"41":0.0045874119,"42":0.0040030479,"43":0.0036277771,"44":0.0040845871,"45":0.0029587746,"46":0.0046002865,"47":0.0040459633,"48":0.004493475,"49":0.0040979385,"50":0.0039801598,"51":0.0036087036,"52":0.0040047169,"53":0.0046186447,"54":0.0029921532,"55":0.0039668083,"56":0.0046041012,"57":0.0040011406,"58":0.0036654472,"59":0.0039563179,"60":0.0036387444,"61":0.0045392513,"62":0.0029990673,"63":0.0045449734,"64":0.0050780773,"65":0.0040130615,"66":0.0045824051,"67":0.0040199757,"68":0.0035765171,"69":0.0050106049,"70":0.0045883656,"71":0.0040564537,"72":0.0039319992,"73":0.0036320686,"74":0.0039966106,"75":0.0036435127,"76":0.0040476322,"77":0.0040016174,"78":0.0035905838,"79":0.0039989948,"80":0.0040431023,"81":0.0036454201,"82":0.0039556026,"83":0.0045940876,"84":0.0039937496,"85":0.0042638779,"86":0.0029389858,"87":0.0040438175,"88":0.0045993328,"89":0.0040080547,"90":0.0029923916,"91":0.0046038628,"92":0.0040140152,"93":0.0046131611,"94":0.0029735565,"95":0.004005909,"96":0.0046272278,"97":0.0029652119,"98":0.0046935081,"99":0.0029907227},"Score":{"0":1.5220700152,"1":1.5873015873,"2":1.5748031496,"3":1.6,"4":1.5873015873,"5":1.5698587127,"6":1.5673981191,"7":1.6420361248,"8":1.5974440895,"9":1.5527950311,"10":1.5748031496,"11":1.5873015873,"12":1.5847860539,"13":1.6207455429,"14":1.6233766234,"15":1.5948963317,"16":1.6155088853,"17":1.5873015873,"18":1.5649452269,"19":1.5847860539,"20":1.5772870662,"21":1.579778831,"22":1.6129032258,"23":1.5923566879,"24":1.5527950311,"25":1.5552099533,"26":1.5576323988,"27":1.572327044,"28":1.6313213703,"29":1.579778831,"30":1.6025641026,"31":1.6103059581,"32":1.572327044,"33":1.485884101,"34":1.5503875969,"35":1.6260162602,"36":1.5948963317,"37":1.6025641026,"38":1.6025641026,"39":1.5576323988,"40":1.582278481,"41":1.5600624025,"42":1.6233766234,"43":1.579778831,"44":1.6,"45":1.579778831,"46":1.5748031496,"47":1.6339869281,"48":1.5625,"49":1.5748031496,"50":1.5625,"51":1.5847860539,"52":1.5408320493,"53":1.5873015873,"54":1.5600624025,"55":1.5748031496,"56":1.6077170418,"57":1.6,"58":1.5847860539,"59":1.6103059581,"60":1.6077170418,"61":1.5772870662,"62":1.6129032258,"63":1.5698587127,"64":1.5873015873,"65":1.5873015873,"66":1.6103059581,"67":1.5898251192,"68":1.5974440895,"69":1.5772870662,"70":1.5772870662,"71":1.5576323988,"72":1.5974440895,"73":1.5649452269,"74":1.582278481,"75":1.6181229773,"76":1.582278481,"77":1.5772870662,"78":1.579778831,"79":1.579778831,"80":1.572327044,"81":1.582278481,"82":1.5898251192,"83":1.6051364366,"84":1.6129032258,"85":1.5948963317,"86":1.5748031496,"87":1.6,"88":1.5748031496,"89":1.6181229773,"90":1.5503875969,"91":1.6181229773,"92":1.6051364366,"93":1.6025641026,"94":1.5923566879,"95":1.579778831,"96":1.5503875969,"97":1.6077170418,"98":1.6420361248,"99":1.6025641026}}