{"Time":{"0":0.0020039082,"1":0.0009996891,"2":0.0019993782,"3":0.0009999275,"4":0.0020000935,"5":0.0015060902,"6":0.0020031929,"7":0.0009996891,"8":0.001999855,"9":0.0010001659,"10":0.0009999275,"11":0.0025057793,"12":0.0020024776,"13":0.0010023117,"14":0.0019974709,"15":0.0020010471,"16":0.0009994507,"17":0.0015022755,"18":0.0020136833,"19":0.0010070801,"20":0.0019862652,"21":0.0010282993,"22":0.0019733906,"23":0.0017058849,"24":0.0008654594,"25":0.0010221004,"26":0.002548933,"27":0.0019989014,"28":0.0009996891,"29":0.0009999275,"30":0.0026443005,"31":0.001064539,"32":0.0019750595,"33":0.0010015965,"34":0.0020127296,"35":0.0010075569,"36":0.0019388199,"37":0.0015070438,"38":0.0010023117,"39":0.001999855,"40":0.0010001659,"41":0.0020000935,"42":0.0009996891,"43":0.0016210079,"44":0.0008847713,"45":0.0020022392,"46":0.0010001659,"47":0.0020008087,"48":0.0009994507,"49":0.0019996166,"50":0.0015025139,"51":0.001003027,"52":0.0020022392,"53":0.0009999275,"54":0.0020003319,"55":0.0009999275,"56":0.0009999275,"57":0.0025057793,"58":0.0020029545,"59":0.0009999275,"60":0.0009999275,"61":0.0020000935,"62":0.0009999275,"63":0.001999855,"64":0.0015487671,"65":0.0009617805,"66":0.0020222664,"67":0.0019755363,"68":0.0010416508,"69":0.0010380745,"70":0.0015511513,"71":0.0020160675,"72":0.0011725426,"73":0.0020570755,"74":0.0019996166,"75":0.0009586811,"76":0.0017008781,"77":0.001871109,"78":0.0019755363,"79":0.0020234585,"80":0.0010118484,"81":0.0010077953,"82":0.0019600391,"83":0.0022172928,"84":0.0009975433,"85":0.0019710064,"86":0.0010249615,"87":0.0020360947,"88":0.0015976429,"89":0.0010569096,"90":0.0009493828,"91":0.0025887489,"92":0.0009987354,"93":0.0020029545,"94":0.0009729862,"95":0.0015451908,"96":0.0030283928,"97":0.0009763241,"98":0.0020413399,"99":0.0019981861},"Score":{"0":2.7855153203,"1":3.1948881789,"2":3.0211480363,"3":3.0120481928,"4":3.0674846626,"5":3.1152647975,"6":2.7932960894,"7":3.2467532468,"8":3.0959752322,"9":2.9673590504,"10":3.1948881789,"11":3.1347962382,"12":3.0581039755,"13":3.0864197531,"14":3.1446540881,"15":3.0581039755,"16":3.0120481928,"17":3.1055900621,"18":3.0487804878,"19":3.0864197531,"20":3.1847133758,"21":3.1746031746,"22":3.1347962382,"23":3.0487804878,"24":2.994011976,"25":3.1545741325,"26":3.1847133758,"27":3.0581039755,"28":3.1847133758,"29":3.1545741325,"30":3.1055900621,"31":3.1545741325,"32":3.1055900621,"33":3.003003003,"34":3.1152647975,"35":3.0303030303,"36":3.0674846626,"37":3.0303030303,"38":3.2154340836,"39":3.164556962,"40":3.2679738562,"41":3.0487804878,"42":3.0959752322,"43":3.0959752322,"44":3.1347962382,"45":3.1055900621,"46":2.9850746269,"47":3.1545741325,"48":3.1055900621,"49":3.0959752322,"50":3.1347962382,"51":3.0674846626,"52":3.164556962,"53":3.1847133758,"54":3.164556962,"55":2.9673590504,"56":3.2679738562,"57":3.164556962,"58":3.1055900621,"59":2.9850746269,"60":3.164556962,"61":3.164556962,"62":3.0959752322,"63":3.1055900621,"64":3.164556962,"65":3.164556962,"66":3.1055900621,"67":3.164556962,"68":3.164556962,"69":2.994011976,"70":3.164556962,"71":3.2573289902,"72":2.9850746269,"73":3.2894736842,"74":3.0581039755,"75":3.1545741325,"76":3.0769230769,"77":3.1746031746,"78":3.1152647975,"79":3.1347962382,"80":3.164556962,"81":2.8818443804,"82":3.0303030303,"83":3.0959752322,"84":3.2154340836,"85":3.0959752322,"86":3.1055900621,"87":3.164556962,"88":3.0581039755,"89":3.2051282051,"90":3.1055900621,"91":2.994011976,"92":3.003003003,"93":3.2362459547,"94":2.9850746269,"95":3.0959752322,"96":3.0487804878,"97":3.0864197531,"98":3.0303030303,"99":2.7027027027}}