{"Time":{"0":0.008040905,"1":0.0079979897,"2":0.0070185661,"3":0.0069901943,"4":0.0075044632,"5":0.0080001354,"6":0.0069997311,"7":0.0080003738,"8":0.0069999695,"9":0.0080108643,"10":0.0070049763,"11":0.0079874992,"12":0.0079965591,"13":0.0070002079,"14":0.0080604553,"15":0.0069918633,"16":0.0080959797,"17":0.0064649582,"18":0.0080742836,"19":0.0069665909,"20":0.0079982281,"21":0.0069615841,"22":0.0079977512,"23":0.0070309639,"24":0.0079703331,"25":0.0080397129,"26":0.0079927444,"27":0.0069928169,"28":0.0079984665,"29":0.00801301,"30":0.0075039864,"31":0.0080735683,"32":0.0069715977,"33":0.0080153942,"34":0.0069425106,"35":0.0080573559,"36":0.0070180893,"37":0.0079245567,"38":0.0080425739,"39":0.0080132484,"40":0.0069904327,"41":0.0079536438,"42":0.0070028305,"43":0.0069997311,"44":0.008505106,"45":0.0070557594,"46":0.0079441071,"47":0.0070021152,"48":0.0070357323,"49":0.0080025196,"50":0.0070440769,"51":0.0079653263,"52":0.006998539,"53":0.0079927444,"54":0.0069606304,"55":0.0080299377,"56":0.0070548058,"57":0.0084526539,"58":0.0079982281,"59":0.0070807934,"60":0.0079243183,"61":0.0070207119,"62":0.0070414543,"63":0.0079996586,"64":0.0069336891,"65":0.0089991093,"66":0.0080039501,"67":0.0080156326,"68":0.0070316792,"69":0.0079803467,"70":0.0085964203,"71":0.0080144405,"72":0.0079548359,"73":0.0080592632,"74":0.0079417229,"75":0.0080139637,"76":0.0079877377,"77":0.0080006123,"78":0.0080137253,"79":0.0079829693,"80":0.0090284348,"81":0.007976532,"82":0.0085682869,"83":0.0070204735,"84":0.0070211887,"85":0.0079329014,"86":0.0080013275,"87":0.0070185661,"88":0.0079801083,"89":0.0070421696,"90":0.0080077648,"91":0.007368803,"92":0.0070006847,"93":0.0070064068,"94":0.008102417,"95":0.0069694519,"96":0.0076482296,"97":0.0069270134,"98":0.0080869198,"99":0.0069127083},"Score":{"0":0.9025270758,"1":0.904159132,"2":0.9017132552,"3":0.9074410163,"4":0.8992805755,"5":0.904159132,"6":0.9017132552,"7":0.9074410163,"8":0.9107468124,"9":0.9107468124,"10":0.8968609865,"11":0.9115770283,"12":0.9009009009,"13":0.9082652134,"14":0.900090009,"15":0.9074410163,"16":0.9009009009,"17":0.8976660682,"18":0.9225092251,"19":0.8976660682,"20":0.8968609865,"21":0.8928571429,"22":0.9057971014,"23":0.9066183137,"24":0.9099181074,"25":0.9099181074,"26":0.9107468124,"27":0.9017132552,"28":0.9009009009,"29":0.9066183137,"30":0.8968609865,"31":0.9033423668,"32":0.9057971014,"33":0.9157509158,"34":0.8984725966,"35":0.9057971014,"36":0.9074410163,"37":0.9057971014,"38":0.8984725966,"39":0.9115770283,"40":0.8992805755,"41":0.8976660682,"42":0.9082652134,"43":0.9017132552,"44":0.9216589862,"45":0.9124087591,"46":0.9099181074,"47":0.9017132552,"48":0.8849557522,"49":0.9074410163,"50":0.9066183137,"51":0.9017132552,"52":0.9057971014,"53":0.9233610342,"54":0.9074410163,"55":0.9090909091,"56":0.9132420091,"57":0.9009009009,"58":0.9182736455,"59":0.9115770283,"60":0.9107468124,"61":0.9115770283,"62":0.9165902841,"63":0.9107468124,"64":0.9033423668,"65":0.9033423668,"66":0.9025270758,"67":0.9099181074,"68":0.9174311927,"69":0.8968609865,"70":0.9017132552,"71":0.9025270758,"72":0.9082652134,"73":0.9009009009,"74":0.904159132,"75":0.8952551477,"76":0.9208103131,"77":0.9017132552,"78":0.9057971014,"79":0.9124087591,"80":0.8944543828,"81":0.9082652134,"82":0.9082652134,"83":0.9090909091,"84":0.9082652134,"85":0.9066183137,"86":0.8984725966,"87":0.9140767824,"88":0.8904719501,"89":0.9149130833,"90":0.904159132,"91":0.9057971014,"92":0.9082652134,"93":0.900090009,"94":0.8873114463,"95":0.9049773756,"96":0.9132420091,"97":0.9025270758,"98":0.8968609865,"99":0.9025270758}}