{"Time":{"0":0.5578012466,"1":0.5471587181,"2":0.5610902309,"3":0.6084148884,"4":0.5891590118,"5":0.6698668003,"6":0.5536739826,"7":0.5629191399,"8":0.5995590687,"9":0.5560331345,"10":0.5465533733,"11":0.7849004269,"12":0.8679924011,"13":0.5530638695,"14":0.5654327869,"15":0.558838129,"16":0.6909911633,"17":0.5657103062,"18":0.5661633015,"19":0.5551118851,"20":0.5726189613,"21":0.5583188534,"22":0.72929883,"23":0.5481104851,"24":0.5565857887,"25":0.5555353165,"26":0.5656673908,"27":0.5633516312,"28":0.5518426895,"29":0.5661621094,"30":0.5455627441,"31":0.5436053276,"32":0.5532410145,"33":0.5468933582,"34":0.545814991,"35":0.5628540516,"36":0.6876325607,"37":0.5520451069,"38":0.5677433014,"39":0.5743896961,"40":0.5699837208,"41":0.5650746822,"42":0.5636842251,"43":0.5932381153,"44":0.5514218807,"45":0.5463383198,"46":0.5619945526,"47":0.5620269775,"48":0.568114996,"49":0.5575261116,"50":0.5660750866,"51":0.5829873085,"52":0.5684978962,"53":0.5678551197,"54":0.5704636574,"55":0.5724439621,"56":0.5607380867,"57":0.5586745739,"58":0.5643179417,"59":0.582006216,"60":0.5697245598,"61":0.5645768642,"62":0.5878555775,"63":0.5929605961,"64":0.5816340446,"65":0.569329977,"66":0.5651197433,"67":0.564647913,"68":0.6965787411,"69":0.5577232838,"70":0.5620703697,"71":0.5841376781,"72":0.60343647,"73":0.5939691067,"74":0.5884795189,"75":0.5985994339,"76":0.5894768238,"77":0.5738415718,"78":0.611386776,"79":0.6187098026,"80":0.5846381187,"81":0.5734658241,"82":0.5921590328,"83":0.6031007767,"84":0.574685812,"85":0.5821304321,"86":0.565019846,"87":0.5718710423,"88":0.577442646,"89":0.5674011707,"90":0.5784089565,"91":0.5673384666,"92":0.5882341862,"93":0.5803637505,"94":0.5677843094,"95":0.5869865417,"96":0.6250076294,"97":0.575094223,"98":0.5860323906,"99":0.5609941483},"Score":{"0":3.663003663,"1":3.663003663,"2":3.663003663,"3":3.663003663,"4":3.663003663,"5":3.663003663,"6":3.663003663,"7":3.663003663,"8":3.6496350365,"9":3.663003663,"10":3.663003663,"11":3.663003663,"12":3.663003663,"13":3.6496350365,"14":3.663003663,"15":3.663003663,"16":3.663003663,"17":3.663003663,"18":3.663003663,"19":3.663003663,"20":3.663003663,"21":3.663003663,"22":3.663003663,"23":3.663003663,"24":3.663003663,"25":3.663003663,"26":3.663003663,"27":3.663003663,"28":3.663003663,"29":3.663003663,"30":3.663003663,"31":3.6496350365,"32":3.663003663,"33":3.663003663,"34":3.663003663,"35":3.663003663,"36":3.663003663,"37":3.663003663,"38":3.663003663,"39":3.663003663,"40":3.663003663,"41":3.663003663,"42":3.663003663,"43":3.6496350365,"44":3.663003663,"45":3.663003663,"46":3.663003663,"47":3.663003663,"48":3.663003663,"49":3.663003663,"50":3.663003663,"51":3.663003663,"52":3.663003663,"53":3.663003663,"54":3.663003663,"55":3.663003663,"56":3.663003663,"57":3.663003663,"58":3.663003663,"59":3.663003663,"60":3.6496350365,"61":3.663003663,"62":3.663003663,"63":3.663003663,"64":3.663003663,"65":3.663003663,"66":3.663003663,"67":3.663003663,"68":3.663003663,"69":3.663003663,"70":3.663003663,"71":3.663003663,"72":3.663003663,"73":3.663003663,"74":3.663003663,"75":3.663003663,"76":3.663003663,"77":3.663003663,"78":3.6496350365,"79":3.663003663,"80":3.663003663,"81":3.663003663,"82":3.663003663,"83":3.663003663,"84":3.6496350365,"85":3.663003663,"86":3.663003663,"87":3.663003663,"88":3.6496350365,"89":3.6363636364,"90":3.663003663,"91":3.663003663,"92":3.6496350365,"93":3.663003663,"94":3.663003663,"95":3.663003663,"96":3.663003663,"97":3.663003663,"98":3.663003663,"99":3.6496350365},"gen":{"0":11,"1":11,"2":11,"3":11,"4":11,"5":13,"6":11,"7":11,"8":11,"9":11,"10":11,"11":16,"12":17,"13":11,"14":11,"15":11,"16":13,"17":11,"18":11,"19":11,"20":11,"21":11,"22":15,"23":11,"24":11,"25":11,"26":11,"27":11,"28":11,"29":11,"30":11,"31":11,"32":11,"33":11,"34":11,"35":11,"36":14,"37":11,"38":11,"39":11,"40":11,"41":11,"42":11,"43":11,"44":11,"45":11,"46":11,"47":11,"48":11,"49":11,"50":11,"51":11,"52":11,"53":11,"54":11,"55":11,"56":11,"57":11,"58":11,"59":11,"60":11,"61":11,"62":11,"63":11,"64":11,"65":11,"66":11,"67":11,"68":14,"69":11,"70":11,"71":11,"72":11,"73":11,"74":11,"75":11,"76":11,"77":11,"78":11,"79":11,"80":11,"81":11,"82":11,"83":11,"84":11,"85":11,"86":11,"87":11,"88":11,"89":11,"90":11,"91":11,"92":11,"93":11,"94":11,"95":11,"96":12,"97":11,"98":11,"99":11}}