{"Time":{"0":0.9032328129,"1":0.9035890102,"2":0.9015479088,"3":0.9150385857,"4":0.9152567387,"5":0.8999290466,"6":0.8988158703,"7":1.0665483475,"8":0.9946377277,"9":1.0720441341,"10":0.9292209148,"11":0.9252860546,"12":0.8832690716,"13":0.9096837044,"14":0.9116919041,"15":0.9050238132,"16":0.9228615761,"17":0.9124250412,"18":0.9319205284,"19":0.9848520756,"20":1.2079753876,"21":1.0586452484,"22":0.9111320972,"23":0.9157619476,"24":0.9105391502,"25":1.1512424946,"26":0.9230716228,"27":0.8881649971,"28":0.9026892185,"29":0.9001045227,"30":0.9321248531,"31":0.9020791054,"32":0.9051241875,"33":0.9623494148,"34":0.9044671059,"35":0.9045388699,"36":0.917119503,"37":0.90386343,"38":0.9039368629,"39":0.9031870365,"40":0.8861896992,"41":0.94439888,"42":0.8959031105,"43":1.0383791924,"44":0.9993550777,"45":0.9305241108,"46":1.0724177361,"47":1.0528316498,"48":0.9720926285,"49":1.130497694,"50":0.9757215977,"51":1.0102314949,"52":1.0261993408,"53":0.9955403805,"54":0.9588639736,"55":0.9459331036,"56":0.9660787582,"57":0.9546060562,"58":1.0114035606,"59":1.0038170815,"60":1.0893778801,"61":1.0157997608,"62":0.9608199596,"63":1.320982933,"64":1.0514163971,"65":0.9790022373,"66":0.9465310574,"67":0.943885088,"68":0.9278950691,"69":0.9003605843,"70":0.9342815876,"71":0.9487092495,"72":0.969861269,"73":0.9760529995,"74":0.9896125793,"75":0.9355051517,"76":0.9780774117,"77":0.9897894859,"78":0.920114994,"79":0.9383554459,"80":0.9427340031,"81":0.9515953064,"82":0.9315578938,"83":0.9479768276,"84":0.9569091797,"85":0.8965535164,"86":0.9619855881,"87":0.9173817635,"88":0.9171886444,"89":0.9076054096,"90":0.9551839828,"91":0.9143562317,"92":0.8897352219,"93":0.9121057987,"94":0.9240093231,"95":1.1346116066,"96":0.9110176563,"97":0.9096791744,"98":1.1339149475,"99":0.9055840969},"Score":{"0":161.6051920516,"1":158.7155468227,"2":156.4717498079,"3":155.8980115209,"4":160.7158928732,"5":157.7157709462,"6":156.9011397299,"7":161.6051920516,"8":157.7157709462,"9":161.6051920516,"10":161.6051920516,"11":156.9011397299,"12":150.0935833492,"13":149.4632029068,"14":134.1262879477,"15":158.7155468227,"16":161.6051920516,"17":156.4717498079,"18":154.2574278808,"19":153.2917095245,"20":160.7158928732,"21":157.7157709462,"22":145.3249684282,"23":154.2574278808,"24":157.7157709462,"25":157.7157709462,"26":161.6051920516,"27":139.7606459178,"28":146.3278299436,"29":156.4717498079,"30":161.6051920516,"31":151.889813054,"32":151.0117789188,"33":160.7158928732,"34":140.9302240368,"35":154.3753048912,"36":157.7157709462,"37":148.7232112316,"38":156.4717498079,"39":157.7157709462,"40":153.0198466741,"41":151.1551274842,"42":154.2574278808,"43":160.7158928732,"44":160.7158928732,"45":160.7158928732,"46":154.2574278808,"47":157.7157709462,"48":130.4117620976,"49":148.8848524551,"50":150.4714269807,"51":161.6051920516,"52":160.7158928732,"53":161.6051920516,"54":148.8205967706,"55":154.2574278808,"56":160.7158928732,"57":141.2429378531,"58":157.7157709462,"59":160.7158928732,"60":140.9302240368,"61":157.7157709462,"62":151.6433590824,"63":161.6051920516,"64":160.7158928732,"65":150.4714269807,"66":157.7157709462,"67":161.6051920516,"68":161.6051920516,"69":153.2917095245,"70":153.2003554248,"71":150.665489467,"72":161.6051920516,"73":154.2574278808,"74":157.7157709462,"75":160.7158928732,"76":161.6051920516,"77":149.2134214488,"78":154.3753048912,"79":161.6051920516,"80":160.7158928732,"81":152.1708696261,"82":156.9011397299,"83":161.6051920516,"84":161.6051920516,"85":153.0198466741,"86":156.4717498079,"87":161.6051920516,"88":160.7158928732,"89":157.7157709462,"90":156.4915838826,"91":161.6051920516,"92":161.6051920516,"93":161.6051920516,"94":157.7157709462,"95":160.7158928732,"96":158.0797733768,"97":152.6202609501,"98":145.138723592,"99":161.6051920516},"gen":{"0":11,"1":11,"2":11,"3":11,"4":11,"5":11,"6":11,"7":13,"8":12,"9":13,"10":11,"11":11,"12":11,"13":11,"14":11,"15":11,"16":11,"17":11,"18":11,"19":12,"20":15,"21":13,"22":11,"23":11,"24":11,"25":14,"26":11,"27":11,"28":11,"29":11,"30":11,"31":11,"32":11,"33":12,"34":11,"35":11,"36":11,"37":11,"38":11,"39":11,"40":11,"41":12,"42":11,"43":12,"44":12,"45":11,"46":12,"47":11,"48":11,"49":11,"50":11,"51":11,"52":11,"53":11,"54":11,"55":11,"56":11,"57":11,"58":11,"59":11,"60":12,"61":11,"62":11,"63":15,"64":12,"65":11,"66":11,"67":11,"68":11,"69":11,"70":11,"71":11,"72":11,"73":11,"74":11,"75":11,"76":11,"77":11,"78":11,"79":11,"80":11,"81":11,"82":11,"83":11,"84":11,"85":11,"86":11,"87":11,"88":11,"89":11,"90":11,"91":11,"92":11,"93":11,"94":11,"95":14,"96":11,"97":11,"98":14,"99":11}}