{"Time":{"0":1.0043599606,"1":1.1093719006,"2":1.061009407,"3":1.0133631229,"4":0.9900181293,"5":1.0645816326,"6":1.0565376282,"7":1.157500267,"8":0.974091053,"9":1.0158791542,"10":1.0104653835,"11":1.0058836937,"12":1.0072042942,"13":0.9917864799,"14":1.0267994404,"15":1.0021424294,"16":1.0530152321,"17":1.1057376862,"18":0.9845597744,"19":1.0718214512,"20":1.0510630608,"21":1.1977412701,"22":1.0021314621,"23":0.992872715,"24":1.0058925152,"25":1.0260391235,"26":1.0116608143,"27":1.0624530315,"28":1.141446352,"29":0.952691555,"30":0.9499442577,"31":1.0158884525,"32":0.988853693,"33":0.999376297,"34":1.2816336155,"35":1.0029225349,"36":1.0559315681,"37":1.0128686428,"38":1.0177149773,"39":1.0210630894,"40":1.065433979,"41":1.0799760818,"42":1.0133807659,"43":1.0242512226,"44":1.0268251896,"45":1.0425229073,"46":1.0710082054,"47":1.1219425201,"48":0.9613368511,"49":0.9523148537,"50":0.9304587841,"51":0.9802229404,"52":0.9918649197,"53":0.9678754807,"54":1.1374189854,"55":1.0038597584,"56":0.9637928009,"57":1.2907834053,"58":0.9531474113,"59":1.2677087784,"60":0.9757897854,"61":1.0044038296,"62":0.9615404606,"63":0.9544570446,"64":1.0686030388,"65":1.0182974339,"66":1.15335536,"67":0.920819521,"68":1.1767208576,"69":0.9644870758,"70":0.9672751427,"71":0.9349238873,"72":1.0062224865,"73":0.968467474,"74":1.0665948391,"75":0.9607112408,"76":0.9866859913,"77":0.9551208019,"78":0.9439387321,"79":1.3186805248,"80":0.9723854065,"81":0.9514157772,"82":0.9726262093,"83":0.9446165562,"84":0.9357359409,"85":0.9575135708,"86":0.9476363659,"87":0.9842526913,"88":0.9871680737,"89":0.9421892166,"90":0.9830548763,"91":0.9897260666,"92":0.9434731007,"93":0.9719231129,"94":0.9900262356,"95":0.9565076828,"96":0.9768402576,"97":0.9694545269,"98":0.9276304245,"99":0.9427325726},"Score":{"0":1.7452006981,"1":1.7452006981,"2":1.7452006981,"3":1.7452006981,"4":1.7421602787,"5":1.7482517483,"6":1.7482517483,"7":1.7482517483,"8":1.7452006981,"9":1.7452006981,"10":1.7452006981,"11":1.7482517483,"12":1.7452006981,"13":1.7482517483,"14":1.7482517483,"15":1.7452006981,"16":1.7421602787,"17":1.7482517483,"18":1.7421602787,"19":1.7452006981,"20":1.7482517483,"21":1.7482517483,"22":1.7482517483,"23":1.7452006981,"24":1.7452006981,"25":1.7482517483,"26":1.7482517483,"27":1.7482517483,"28":1.7421602787,"29":1.7421602787,"30":1.7452006981,"31":1.7452006981,"32":1.7482517483,"33":1.7452006981,"34":1.7482517483,"35":1.7482517483,"36":1.7421602787,"37":1.7452006981,"38":1.7452006981,"39":1.7452006981,"40":1.7452006981,"41":1.7452006981,"42":1.7482517483,"43":1.7452006981,"44":1.7452006981,"45":1.7452006981,"46":1.7452006981,"47":1.7482517483,"48":1.7421602787,"49":1.7482517483,"50":1.7452006981,"51":1.7452006981,"52":1.7482517483,"53":1.7482517483,"54":1.7452006981,"55":1.7482517483,"56":1.7482517483,"57":1.7482517483,"58":1.733102253,"59":1.7452006981,"60":1.7482517483,"61":1.7482517483,"62":1.7421602787,"63":1.7452006981,"64":1.7482517483,"65":1.7482517483,"66":1.7482517483,"67":1.7452006981,"68":1.7482517483,"69":1.7482517483,"70":1.7482517483,"71":1.7421602787,"72":1.7421602787,"73":1.7482517483,"74":1.7482517483,"75":1.7482517483,"76":1.7452006981,"77":1.7421602787,"78":1.7482517483,"79":1.7452006981,"80":1.7452006981,"81":1.7482517483,"82":1.7421602787,"83":1.7421602787,"84":1.7452006981,"85":1.7482517483,"86":1.7452006981,"87":1.7482517483,"88":1.7482517483,"89":1.7452006981,"90":1.7482517483,"91":1.7482517483,"92":1.7452006981,"93":1.7452006981,"94":1.7452006981,"95":1.7482517483,"96":1.7452006981,"97":1.7482517483,"98":1.7482517483,"99":1.7421602787},"gen":{"0":11,"1":12,"2":11,"3":11,"4":11,"5":11,"6":11,"7":13,"8":11,"9":11,"10":11,"11":11,"12":11,"13":11,"14":11,"15":11,"16":11,"17":11,"18":11,"19":11,"20":11,"21":13,"22":11,"23":11,"24":11,"25":11,"26":11,"27":11,"28":13,"29":11,"30":11,"31":11,"32":11,"33":11,"34":14,"35":11,"36":11,"37":11,"38":11,"39":11,"40":11,"41":11,"42":11,"43":11,"44":11,"45":11,"46":11,"47":12,"48":11,"49":11,"50":11,"51":11,"52":11,"53":11,"54":13,"55":11,"56":11,"57":15,"58":11,"59":15,"60":11,"61":11,"62":11,"63":11,"64":12,"65":11,"66":13,"67":11,"68":13,"69":11,"70":11,"71":11,"72":11,"73":11,"74":12,"75":11,"76":11,"77":11,"78":11,"79":15,"80":11,"81":11,"82":11,"83":11,"84":11,"85":11,"86":11,"87":11,"88":11,"89":11,"90":11,"91":11,"92":11,"93":11,"94":11,"95":11,"96":11,"97":11,"98":11,"99":11}}