{"Time":{"0":1.5903737545,"1":1.7121577263,"2":2.8553957939,"3":1.6053926945,"4":3.0174891949,"5":1.9149067402,"6":2.510114193,"7":3.4017617702,"8":2.7223193645,"9":2.1588945389,"10":1.7830879688,"11":1.9313366413,"12":2.8842127323,"13":1.9235117435,"14":1.5922868252,"15":1.6294648647,"16":2.1474335194,"17":1.6396958828,"18":1.6067593098,"19":2.6758010387,"20":2.2669799328,"21":2.0327327251,"22":3.0023937225,"23":2.7822384834,"24":2.2937886715,"25":1.5931193829,"26":2.5417237282,"27":1.8971750736,"28":1.6116983891,"29":1.9995672703,"30":2.0257868767,"31":2.0236635208,"32":2.3070070744,"33":1.7738537788,"34":2.4452586174,"35":2.2743837833,"36":2.9738645554,"37":3.2186126709,"38":3.179151535,"39":2.2882270813,"40":1.7660503387,"41":1.9050323963,"42":1.6183259487,"43":2.4283080101,"44":3.2045257092,"45":2.418315649,"46":2.1646103859,"47":2.8811264038,"48":2.305336237,"49":2.4719378948,"50":1.8855583668,"51":2.7002823353,"52":1.6366043091,"53":2.0300016403,"54":2.7503902912,"55":3.1534934044,"56":1.6084902287,"57":2.3128585815,"58":2.1301949024,"59":3.5554027557,"60":2.9076986313,"61":3.147808075,"62":2.1892244816,"63":2.3110923767,"64":2.1883385181,"65":3.428830862,"66":3.137014389,"67":3.8818955421,"68":1.6409182549,"69":1.9806902409,"70":1.6810727119,"71":2.398286581,"72":3.2506382465,"73":2.8752059937,"74":1.6300561428,"75":2.1946539879,"76":1.7907950878,"77":1.6297035217,"78":2.860229969,"79":2.0188815594,"80":1.8705916405,"81":2.0520298481,"82":1.6055648327,"83":2.0431828499,"84":2.7016322613,"85":1.7402684689,"86":1.9248754978,"87":2.5907018185,"88":2.1555020809,"89":2.4164459705,"90":1.8815557957,"91":2.5782566071,"92":3.3696026802,"93":2.1514763832,"94":1.8694148064,"95":2.2920744419,"96":2.1716804504,"97":1.5818045139,"98":1.6398313046,"99":2.1987915039},"Score":{"0":13.9225040013,"1":14.0480178106,"2":15.0971653562,"3":13.115651983,"4":14.8679561942,"5":14.5436564207,"6":14.647089367,"7":14.880084376,"8":14.4842561929,"9":14.1591276392,"10":14.0549599532,"11":14.6103030396,"12":14.6866687345,"13":14.0899405996,"14":13.7674864287,"15":13.8376205049,"16":14.4784514312,"17":14.2410259463,"18":13.9167843099,"19":14.7710596537,"20":14.2785749982,"21":13.9516169087,"22":14.3420498576,"23":14.4387339252,"24":14.7591237213,"25":14.6592701853,"26":14.793555927,"27":14.4254390887,"28":13.8365789335,"29":13.9034276259,"30":14.7920153884,"31":13.3245231586,"32":14.3338863824,"33":13.0911059811,"34":14.9035205692,"35":14.4524584933,"36":14.7208109871,"37":14.7703069565,"38":15.116358167,"39":14.691083247,"40":13.8920068727,"41":14.7628495843,"42":13.8324180422,"43":14.1927719051,"44":14.8217074577,"45":14.8831715681,"46":14.1968702716,"47":14.4254390887,"48":14.7436216881,"49":14.955871952,"50":14.6376879479,"51":14.7699186384,"52":13.7546114054,"53":14.5977303449,"54":14.6429092298,"55":14.9560083969,"56":13.9775687976,"57":13.9440200582,"58":14.4505078775,"59":14.973444596,"60":14.8172382564,"61":15.1558092975,"62":14.5455560999,"63":14.268897371,"64":14.8509190491,"65":14.5940703125,"66":14.6507223832,"67":14.9766872886,"68":14.4214032083,"69":13.6485269554,"70":14.1009674392,"71":14.8907377229,"72":14.8889862298,"73":13.9343497048,"74":13.1235249158,"75":14.749643243,"76":13.9653686788,"77":13.9969492249,"78":14.9469056019,"79":14.8534425675,"80":14.0079565193,"81":14.5111259705,"82":12.0037067446,"83":14.4871876037,"84":14.9150439099,"85":14.1369131767,"86":14.1885510879,"87":14.7233771894,"88":14.8635805712,"89":14.9093733739,"90":13.8465798948,"91":14.8150694145,"92":14.8898153663,"93":14.7503263878,"94":14.3738051774,"95":14.7981969877,"96":14.4378479521,"97":12.734090791,"98":14.0468910508,"99":14.0470824491},"gen":{"0":11,"1":12,"2":20,"3":11,"4":21,"5":13,"6":17,"7":24,"8":19,"9":15,"10":12,"11":13,"12":20,"13":13,"14":11,"15":11,"16":15,"17":11,"18":11,"19":19,"20":16,"21":14,"22":21,"23":20,"24":16,"25":11,"26":18,"27":13,"28":11,"29":14,"30":14,"31":14,"32":16,"33":12,"34":17,"35":16,"36":21,"37":23,"38":22,"39":16,"40":12,"41":13,"42":11,"43":17,"44":23,"45":17,"46":15,"47":20,"48":16,"49":17,"50":13,"51":19,"52":11,"53":14,"54":19,"55":22,"56":11,"57":16,"58":15,"59":25,"60":20,"61":22,"62":15,"63":16,"64":15,"65":24,"66":22,"67":28,"68":11,"69":13,"70":11,"71":17,"72":23,"73":20,"74":11,"75":15,"76":12,"77":11,"78":20,"79":14,"80":13,"81":14,"82":11,"83":14,"84":19,"85":12,"86":13,"87":18,"88":15,"89":17,"90":13,"91":18,"92":24,"93":15,"94":13,"95":16,"96":15,"97":11,"98":11,"99":15}}