{"Time":{"0":8.3029894829,"1":12.8269948959,"2":5.4141423702,"3":8.5912969112,"4":6.725372076,"5":6.8340420723,"6":9.2159438133,"7":5.5707406998,"8":6.0619053841,"9":6.4040358067,"10":6.0507321358,"11":7.0281527042,"12":8.7084341049,"13":5.0746233463,"14":5.0442564487,"15":7.6302330494,"16":9.9637405872,"17":3.7813851833,"18":10.1032471657,"19":3.5661921501,"20":5.3154258728,"21":5.9242887497,"22":8.2686667442,"23":7.3677313328,"24":5.2117407322,"25":7.6448383331,"26":4.9888391495,"27":5.8071057796,"28":8.2023260593,"29":6.9320039749,"30":6.1164367199,"31":7.5026829243,"32":7.6612279415,"33":9.3626692295,"34":7.4878749847,"35":6.1571202278,"36":6.4600543976,"37":6.562951088,"38":7.4540483952,"39":7.6506993771,"40":4.4213736057,"41":5.0995774269,"42":6.9449989796,"43":6.0036218166,"44":7.1868965626,"45":6.6541748047,"46":3.333725214,"47":7.3871963024,"48":9.9793148041,"49":7.3633375168,"50":6.7438106537,"51":5.5090229511,"52":5.661033392,"53":7.3783483505,"54":4.6997103691,"55":6.7624685764,"56":6.4828157425,"57":10.4887506962,"58":4.5728657246,"59":7.6262364388,"60":5.924495697,"61":10.7698841095,"62":6.3284897804,"63":4.9446766376,"64":8.3319172859,"65":10.9252707958,"66":4.8643431664,"67":5.7085213661,"68":10.4263215065,"69":9.0884819031,"70":7.6830000877,"71":7.3481492996,"72":6.1497550011,"73":8.2651820183,"74":5.9733397961,"75":6.9085557461,"76":4.7903769016,"77":4.4453575611,"78":8.3331098557,"79":7.47296381,"80":4.2675378323,"81":6.6606686115,"82":9.3180015087,"83":7.2655704021,"84":5.2258307934,"85":8.4169123173,"86":10.3497700691,"87":7.0121326447,"88":5.525878191,"89":7.1146528721,"90":3.9482653141,"91":9.3188295364,"92":7.2737746239,"93":12.0021116734,"94":10.0101771355,"95":3.437474966,"96":10.6928110123,"97":10.1728396416,"98":7.5244152546,"99":6.3362605572},"Score":{"0":1.8189414081,"1":1.8526686729,"2":1.6912891303,"3":1.7810160608,"4":1.7570525233,"5":1.7540788472,"6":1.784086307,"7":1.6877601524,"8":1.7377393367,"9":1.7980664888,"10":1.7239431552,"11":1.8054713002,"12":1.7877247738,"13":1.7348506337,"14":1.6721266619,"15":1.8037094764,"16":1.8105202233,"17":1.5914308198,"18":1.7989035251,"19":1.5854036829,"20":1.7250563748,"21":1.79968372,"22":1.8064938033,"23":1.7435890193,"24":1.7036876285,"25":1.6981633514,"26":1.6982844779,"27":1.7747823553,"28":1.738249218,"29":1.7425001573,"30":1.7296692941,"31":1.7476489316,"32":1.8077254085,"33":1.8117204326,"34":1.7461101686,"35":1.7451350956,"36":1.7451050371,"37":1.7404846226,"38":1.7936452726,"39":1.7518897986,"40":1.6145670893,"41":1.6858404039,"42":1.7518494099,"43":1.7716342227,"44":1.7521542737,"45":1.6986615227,"46":1.4653961213,"47":1.7651056684,"48":1.7778660231,"49":1.7728350192,"50":1.7068752423,"51":1.7141387391,"52":1.7138031661,"53":1.8075253063,"54":1.6537262587,"55":1.7066229771,"56":1.7759064933,"57":1.7911819967,"58":1.6435119932,"59":1.7538705731,"60":1.7222866511,"61":1.8068636244,"62":1.7630804259,"63":1.6357675627,"64":1.755002833,"65":1.8232511193,"66":1.7172391891,"67":1.7725035949,"68":1.8154115661,"69":1.808268038,"70":1.7734006781,"71":1.8064124173,"72":1.7520207369,"73":1.8076511656,"74":1.7424913521,"75":1.7201157074,"76":1.6591632667,"77":1.6423688056,"78":1.79232592,"79":1.7926310566,"80":1.6331045446,"81":1.7803509784,"82":1.7802178631,"83":1.7726591261,"84":1.6193171582,"85":1.8180467869,"86":1.8336709366,"87":1.7520471357,"88":1.6919676745,"89":1.786966726,"90":1.6455522836,"91":1.7648862018,"92":1.7941860156,"93":1.8239481473,"94":1.8247292786,"95":1.5894147773,"96":1.826983594,"97":1.8080395382,"98":1.7772317806,"99":1.750281279},"gen":{"0":25,"1":39,"2":17,"3":28,"4":18,"5":20,"6":30,"7":18,"8":20,"9":21,"10":20,"11":23,"12":29,"13":16,"14":16,"15":25,"16":33,"17":12,"18":34,"19":11,"20":17,"21":19,"22":26,"23":22,"24":16,"25":23,"26":14,"27":17,"28":25,"29":21,"30":18,"31":22,"32":25,"33":28,"34":24,"35":20,"36":21,"37":21,"38":25,"39":26,"40":14,"41":17,"42":23,"43":18,"44":23,"45":21,"46":11,"47":24,"48":33,"49":25,"50":23,"51":18,"52":18,"53":24,"54":15,"55":22,"56":21,"57":35,"58":15,"59":25,"60":19,"61":35,"62":19,"63":15,"64":26,"65":34,"66":15,"67":18,"68":33,"69":29,"70":24,"71":23,"72":20,"73":27,"74":19,"75":22,"76":15,"77":14,"78":27,"79":24,"80":13,"81":21,"82":31,"83":24,"84":16,"85":27,"86":33,"87":22,"88":17,"89":22,"90":12,"91":30,"92":23,"93":39,"94":33,"95":11,"96":35,"97":33,"98":25,"99":21}}