{"Time":{"0":2.0584595203,"1":1.9810135365,"2":1.9113368988,"3":1.9582321644,"4":1.8601064682,"5":1.924674511,"6":1.9774017334,"7":2.0260636806,"8":2.2109277248,"9":1.8333263397,"10":1.9802808762,"11":2.0862495899,"12":1.9716324806,"13":1.9384725094,"14":1.8947253227,"15":2.0113022327,"16":1.8567650318,"17":1.98093009,"18":2.4057168961,"19":2.027739048,"20":2.1578114033,"21":2.131675005,"22":1.9664325714,"23":2.0076100826,"24":1.9187777042,"25":1.9981701374,"26":2.1352746487,"27":1.8289637566,"28":1.8992972374,"29":2.2196230888,"30":2.0414407253,"31":1.8897075653,"32":2.019523859,"33":2.140837431,"34":2.6368119717,"35":2.0256426334,"36":2.7709527016,"37":2.0869336128,"38":2.0142843723,"39":2.0504345894,"40":2.1442568302,"41":2.0155284405,"42":1.8889732361,"43":1.9325284958,"44":1.9375908375,"45":2.0362040997,"46":1.9871964455,"47":1.990370512,"48":2.0526406765,"49":2.7867388725,"50":1.9405105114,"51":2.0526599884,"52":2.0094051361,"53":2.1098220348,"54":2.126932621,"55":2.0631780624,"56":2.3389179707,"57":1.9173703194,"58":1.990894556,"59":1.9557304382,"60":1.8433189392,"61":2.0251414776,"62":1.8964796066,"63":2.1013393402,"64":2.2204217911,"65":1.959880352,"66":1.8754181862,"67":2.1223087311,"68":1.9403915405,"69":2.0241773129,"70":2.0766179562,"71":2.1156337261,"72":1.8684747219,"73":1.9789888859,"74":2.0567221642,"75":2.0319855213,"76":2.0580537319,"77":2.1209852695,"78":2.0054531097,"79":1.9298458099,"80":1.9737718105,"81":2.0291831493,"82":2.2120506763,"83":2.0429131985,"84":2.0556504726,"85":1.9554841518,"86":2.0352334976,"87":1.8035497665,"88":2.1561312675,"89":1.9809112549,"90":2.0276930332,"91":2.2395777702,"92":2.2887635231,"93":2.0749802589,"94":2.1421415806,"95":2.246216774,"96":1.9870595932,"97":2.1054191589,"98":2.1467943192,"99":2.1220314503},"Score":{"0":0.9551098376,"1":0.9551098376,"2":0.9523809524,"3":0.9541984733,"4":0.9541984733,"5":0.9541984733,"6":0.9551098376,"7":0.9541984733,"8":0.9541984733,"9":0.9541984733,"10":0.9541984733,"11":0.9551098376,"12":0.9541984733,"13":0.9532888465,"14":0.9551098376,"15":0.9532888465,"16":0.9532888465,"17":0.9541984733,"18":0.9541984733,"19":0.9541984733,"20":0.9541984733,"21":0.9551098376,"22":0.9532888465,"23":0.9551098376,"24":0.9523809524,"25":0.9541984733,"26":0.9532888465,"27":0.9541984733,"28":0.9551098376,"29":0.9532888465,"30":0.9541984733,"31":0.9523809524,"32":0.9541984733,"33":0.9551098376,"34":0.9551098376,"35":0.9532888465,"36":0.9541984733,"37":0.9541984733,"38":0.9541984733,"39":0.9551098376,"40":0.9541984733,"41":0.9541984733,"42":0.9523809524,"43":0.9532888465,"44":0.9523809524,"45":0.9541984733,"46":0.9541984733,"47":0.9551098376,"48":0.9541984733,"49":0.9541984733,"50":0.9541984733,"51":0.9541984733,"52":0.9514747859,"53":0.9541984733,"54":0.9541984733,"55":0.9541984733,"56":0.9541984733,"57":0.9532888465,"58":0.9551098376,"59":0.9551098376,"60":0.9523809524,"61":0.9532888465,"62":0.9523809524,"63":0.9541984733,"64":0.9541984733,"65":0.9541984733,"66":0.9541984733,"67":0.9532888465,"68":0.9523809524,"69":0.9541984733,"70":0.9541984733,"71":0.9541984733,"72":0.9541984733,"73":0.9532888465,"74":0.9541984733,"75":0.9541984733,"76":0.9532888465,"77":0.9541984733,"78":0.9541984733,"79":0.9541984733,"80":0.9532888465,"81":0.9541984733,"82":0.9541984733,"83":0.9541984733,"84":0.9532888465,"85":0.9541984733,"86":0.9541984733,"87":0.9532888465,"88":0.9541984733,"89":0.9541984733,"90":0.9532888465,"91":0.9541984733,"92":0.9551098376,"93":0.9541984733,"94":0.9541984733,"95":0.9551098376,"96":0.9551098376,"97":0.9541984733,"98":0.9532888465,"99":0.9541984733},"gen":{"0":11,"1":11,"2":11,"3":11,"4":11,"5":11,"6":11,"7":11,"8":12,"9":11,"10":11,"11":11,"12":11,"13":11,"14":11,"15":11,"16":11,"17":11,"18":14,"19":11,"20":11,"21":11,"22":11,"23":11,"24":11,"25":11,"26":11,"27":11,"28":11,"29":12,"30":11,"31":11,"32":11,"33":11,"34":15,"35":11,"36":15,"37":11,"38":11,"39":11,"40":11,"41":11,"42":11,"43":11,"44":11,"45":11,"46":11,"47":11,"48":11,"49":15,"50":11,"51":11,"52":11,"53":11,"54":11,"55":11,"56":13,"57":11,"58":11,"59":11,"60":11,"61":11,"62":11,"63":11,"64":12,"65":11,"66":11,"67":12,"68":11,"69":11,"70":11,"71":11,"72":11,"73":11,"74":11,"75":11,"76":11,"77":11,"78":11,"79":11,"80":11,"81":12,"82":12,"83":11,"84":11,"85":11,"86":11,"87":11,"88":11,"89":11,"90":11,"91":12,"92":12,"93":11,"94":11,"95":11,"96":11,"97":11,"98":11,"99":11}}