{"Time":{"0":0.1961927414,"1":0.1950259209,"2":0.1924772263,"3":0.1941945553,"4":0.196523428,"5":0.1956758499,"6":0.1923241615,"7":0.1969401836,"8":0.1961536407,"9":0.1918778419,"10":0.1949882507,"11":0.1902680397,"12":0.1942431927,"13":0.1952352524,"14":0.1916110516,"15":0.1932706833,"16":0.1968688965,"17":0.1890387535,"18":0.1943936348,"19":0.1955981255,"20":0.1921343803,"21":0.1937763691,"22":0.1922373772,"23":0.1942098141,"24":0.195192337,"25":0.1918272972,"26":0.191144228,"27":0.1924378872,"28":0.1932964325,"29":0.2203903198,"30":0.1954324245,"31":0.1953959465,"32":0.197081089,"33":0.1952500343,"34":0.1910293102,"35":0.1939122677,"36":0.1980102062,"37":0.1946110725,"38":0.1936788559,"39":0.1924479008,"40":0.1950218678,"41":0.1937339306,"42":0.1925499439,"43":0.1942470074,"44":0.1930429935,"45":0.1961548328,"46":0.1932783127,"47":0.1922662258,"48":0.1944453716,"49":0.1976482868,"50":0.1941640377,"51":0.1933207512,"52":0.1940944195,"53":0.1939322948,"54":0.1966872215,"55":0.1935594082,"56":0.1912236214,"57":0.1958663464,"58":0.1925759315,"59":0.2039637566,"60":0.1929142475,"61":0.192227602,"62":0.1921701431,"63":0.1986193657,"64":0.1922802925,"65":0.197136879,"66":0.1976857185,"67":0.1901216507,"68":0.1944408417,"69":0.194532156,"70":0.1933224201,"71":0.1910188198,"72":0.1941094398,"73":0.193264246,"74":0.1898694038,"75":0.1927025318,"76":0.1910440922,"77":0.1879792213,"78":0.1921422482,"79":0.1957056522,"80":0.192946434,"81":0.1934056282,"82":0.1948881149,"83":0.1900484562,"84":0.1922922134,"85":0.1953458786,"86":0.1920340061,"87":0.190680027,"88":0.2053921223,"89":0.1937167645,"90":0.19024086,"91":0.1919882298,"92":0.1913201809,"93":0.1939454079,"94":0.1930487156,"95":0.1885287762,"96":0.193448782,"97":0.1939668655,"98":0.1918981075,"99":0.1922051907},"Score":{"0":3.3333333333,"1":3.367003367,"2":3.300330033,"3":3.367003367,"4":3.3112582781,"5":3.300330033,"6":3.2786885246,"7":3.3333333333,"8":3.3112582781,"9":3.3333333333,"10":3.355704698,"11":3.4246575342,"12":3.3112582781,"13":3.2786885246,"14":3.2786885246,"15":3.2786885246,"16":3.355704698,"17":3.355704698,"18":3.2786885246,"19":3.4246575342,"20":3.2786885246,"21":3.3222591362,"22":3.2894736842,"23":3.3333333333,"24":3.2894736842,"25":3.2679738562,"26":3.3112582781,"27":3.2573289902,"28":3.3333333333,"29":3.4013605442,"30":3.3333333333,"31":3.3112582781,"32":3.2786885246,"33":3.2786885246,"34":3.2786885246,"35":3.300330033,"36":3.2786885246,"37":3.2786885246,"38":3.355704698,"39":3.300330033,"40":3.2894736842,"41":3.3112582781,"42":3.355704698,"43":3.2786885246,"44":3.2894736842,"45":3.2679738562,"46":3.3333333333,"47":3.2786885246,"48":3.300330033,"49":3.2786885246,"50":3.300330033,"51":3.3333333333,"52":3.300330033,"53":3.3222591362,"54":3.3333333333,"55":3.3112582781,"56":3.2894736842,"57":3.300330033,"58":3.3333333333,"59":3.3333333333,"60":3.3112582781,"61":3.2786885246,"62":3.3333333333,"63":3.4129692833,"64":3.2786885246,"65":3.300330033,"66":3.300330033,"67":3.3112582781,"68":3.2786885246,"69":3.3222591362,"70":3.2786885246,"71":3.3333333333,"72":3.367003367,"73":3.300330033,"74":3.2786885246,"75":3.355704698,"76":3.3333333333,"77":3.2894736842,"78":3.2786885246,"79":3.4246575342,"80":3.2786885246,"81":3.3333333333,"82":3.2786885246,"83":3.355704698,"84":3.355704698,"85":3.3333333333,"86":3.3333333333,"87":3.3333333333,"88":3.2679738562,"89":3.355704698,"90":3.367003367,"91":3.367003367,"92":3.3112582781,"93":3.3222591362,"94":3.3333333333,"95":3.2786885246,"96":3.2679738562,"97":3.2786885246,"98":3.300330033,"99":3.300330033},"gen":{"0":11,"1":11,"2":11,"3":11,"4":11,"5":11,"6":11,"7":11,"8":11,"9":11,"10":11,"11":11,"12":11,"13":11,"14":11,"15":11,"16":11,"17":11,"18":11,"19":11,"20":11,"21":11,"22":11,"23":11,"24":11,"25":11,"26":11,"27":11,"28":11,"29":15,"30":11,"31":11,"32":11,"33":11,"34":11,"35":11,"36":11,"37":11,"38":11,"39":11,"40":11,"41":11,"42":11,"43":11,"44":11,"45":11,"46":11,"47":11,"48":11,"49":11,"50":11,"51":11,"52":11,"53":11,"54":11,"55":11,"56":11,"57":11,"58":11,"59":11,"60":11,"61":11,"62":11,"63":13,"64":11,"65":11,"66":11,"67":11,"68":11,"69":11,"70":11,"71":11,"72":11,"73":11,"74":11,"75":11,"76":11,"77":11,"78":11,"79":11,"80":11,"81":11,"82":11,"83":11,"84":11,"85":11,"86":11,"87":11,"88":11,"89":11,"90":11,"91":11,"92":11,"93":11,"94":11,"95":11,"96":11,"97":11,"98":11,"99":11}}