{"Time":{"0":0.2018239498,"1":0.2008793354,"2":0.2038815022,"3":0.2011740208,"4":0.2034182549,"5":0.1986804008,"6":0.200404644,"7":0.2026867867,"8":0.2039661407,"9":0.2005352974,"10":0.2020831108,"11":0.201611042,"12":0.2016327381,"13":0.2011311054,"14":0.2032842636,"15":0.2068014145,"16":0.1996202469,"17":0.2033298016,"18":0.2059752941,"19":0.2017323971,"20":0.2041237354,"21":0.2007317543,"22":0.201510191,"23":0.2014892101,"24":0.2063755989,"25":0.2011351585,"26":0.2109076977,"27":0.2062516212,"28":0.2013218403,"29":0.2033085823,"30":0.2037789822,"31":0.2024440765,"32":0.2026648521,"33":0.2033808231,"34":0.2011168003,"35":0.2044172287,"36":0.2023296356,"37":0.2038619518,"38":0.2047686577,"39":0.2019782066,"40":0.1990880966,"41":0.2022199631,"42":0.2060959339,"43":0.2010023594,"44":0.2030050755,"45":0.1987965107,"46":0.2022595406,"47":0.2059018612,"48":0.1988823414,"49":0.2040863037,"50":0.2028551102,"51":0.2055134773,"52":0.2024781704,"53":0.2018179893,"54":0.2121589184,"55":0.2048966885,"56":0.2063083649,"57":0.2036392689,"58":0.2071650028,"59":0.2077925205,"60":0.202848196,"61":0.2024116516,"62":0.2052669525,"63":0.2048442364,"64":0.2026593685,"65":0.2055521011,"66":0.2054946423,"67":0.2015588284,"68":0.2056958675,"69":0.2031350136,"70":0.2033073902,"71":0.2062959671,"72":0.201031208,"73":0.2011168003,"74":0.2030465603,"75":0.204369545,"76":0.2157926559,"77":0.2016108036,"78":0.2053108215,"79":0.2042322159,"80":0.2015531063,"81":0.2166600227,"82":0.2052555084,"83":0.2044866085,"84":0.201996088,"85":0.2025773525,"86":0.200927496,"87":0.2023050785,"88":0.2051303387,"89":0.2030062675,"90":0.2030601501,"91":0.2048137188,"92":0.2040467262,"93":0.207103014,"94":0.2015817165,"95":0.2005259991,"96":0.2005603313,"97":0.2051255703,"98":0.20104146,"99":0.2040052414},"Score":{"0":102.6453766469,"1":110.5205629033,"2":110.0433240567,"3":108.9443294477,"4":110.8743328137,"5":94.1944210528,"6":104.9971283285,"7":121.5475925676,"8":118.9902487491,"9":119.0020016137,"10":100.2400749796,"11":103.4712536163,"12":127.351221935,"13":111.4280620431,"14":104.3796664235,"15":120.326952395,"16":132.4345442265,"17":127.0504352113,"18":117.1832887256,"19":110.0332740621,"20":103.5405697838,"21":117.5731951927,"22":125.8997108084,"23":126.6512152184,"24":105.2928615652,"25":97.9552814549,"26":106.6734937703,"27":103.4536982628,"28":104.8013699635,"29":119.0221143088,"30":106.5752677171,"31":101.1947046835,"32":103.8071263592,"33":119.7547422878,"34":121.6425145454,"35":136.3445481269,"36":96.7997986564,"37":107.7479387819,"38":127.6545769272,"39":113.8204164234,"40":122.8356360921,"41":104.3972105065,"42":104.912859379,"43":120.5051576207,"44":99.5718410833,"45":111.5084528983,"46":108.5408634643,"47":114.2134008868,"48":119.6140771415,"49":133.115733481,"50":127.170482205,"51":124.2626564622,"52":99.2111719717,"53":105.0120133743,"54":100.5057449084,"55":104.0193059832,"56":121.5267650547,"57":97.184563204,"58":107.6746159246,"59":123.1774358646,"60":117.0872440473,"61":117.5240042779,"62":125.6301924529,"63":130.570121378,"64":97.1134955711,"65":108.056357874,"66":120.9938922283,"67":122.3591829343,"68":115.091751144,"69":115.4437136857,"70":105.9451098386,"71":112.9537635064,"72":110.0284313467,"73":101.0605291934,"74":126.5054144317,"75":132.6288090994,"76":141.1149776615,"77":105.1949472763,"78":105.3895143757,"79":105.3097158744,"80":124.0030157533,"81":126.2434984598,"82":109.2330311948,"83":112.5050486641,"84":125.1628681822,"85":111.1837511619,"86":98.981480565,"87":108.2841723191,"88":136.6389016419,"89":123.6216189487,"90":121.0053121332,"91":105.0530517912,"92":104.9235369724,"93":106.0949422419,"94":142.5500493223,"95":109.3488929518,"96":89.0437062128,"97":102.1745816206,"98":114.1985318637,"99":97.6215485901},"gen":{"0":11,"1":11,"2":11,"3":11,"4":11,"5":11,"6":11,"7":11,"8":11,"9":11,"10":11,"11":11,"12":11,"13":11,"14":11,"15":11,"16":11,"17":11,"18":11,"19":11,"20":11,"21":11,"22":11,"23":11,"24":11,"25":11,"26":11,"27":11,"28":11,"29":11,"30":11,"31":11,"32":11,"33":11,"34":11,"35":11,"36":11,"37":11,"38":11,"39":11,"40":11,"41":11,"42":11,"43":11,"44":11,"45":11,"46":11,"47":11,"48":11,"49":11,"50":11,"51":11,"52":11,"53":11,"54":11,"55":11,"56":11,"57":11,"58":11,"59":11,"60":11,"61":11,"62":11,"63":11,"64":11,"65":11,"66":11,"67":11,"68":11,"69":11,"70":11,"71":11,"72":11,"73":11,"74":11,"75":11,"76":11,"77":11,"78":11,"79":11,"80":11,"81":11,"82":11,"83":11,"84":11,"85":11,"86":11,"87":11,"88":11,"89":11,"90":11,"91":11,"92":11,"93":11,"94":11,"95":11,"96":11,"97":11,"98":11,"99":11}}