{"Time":{"0":0.0475449562,"1":0.0489048958,"2":0.0481281281,"3":0.0476663113,"4":0.0453755856,"5":0.0478715897,"6":0.0492973328,"7":0.0481514931,"8":0.0479102135,"9":0.0466175079,"10":0.0463314056,"11":0.045810461,"12":0.0474524498,"13":0.0467221737,"14":0.047611475,"15":0.0460705757,"16":0.0466301441,"17":0.0466406345,"18":0.0581812859,"19":0.0454535484,"20":0.0451931953,"21":0.0462679863,"22":0.0484106541,"23":0.0463755131,"24":0.046202898,"25":0.0475144386,"26":0.0478663445,"27":0.0463740826,"28":0.0469405651,"29":0.0473222733,"30":0.0476560593,"31":0.047031641,"32":0.0492463112,"33":0.0456674099,"34":0.0465285778,"35":0.0477952957,"36":0.0469470024,"37":0.0464909077,"38":0.047952652,"39":0.0495245457,"40":0.0485053062,"41":0.0472254753,"42":0.0469374657,"43":0.0473814011,"44":0.0485913754,"45":0.0463006496,"46":0.0529317856,"47":0.0467429161,"48":0.0493724346,"49":0.0464334488,"50":0.0454292297,"51":0.0472478867,"52":0.0469584465,"53":0.0482227802,"54":0.0462529659,"55":0.046754837,"56":0.0464091301,"57":0.046713829,"58":0.0457088947,"59":0.0456738472,"60":0.0472877026,"61":0.0467886925,"62":0.0467195511,"63":0.0454394817,"64":0.0494930744,"65":0.04870224,"66":0.0456764698,"67":0.0462331772,"68":0.0457029343,"69":0.048058033,"70":0.0469412804,"71":0.0461547375,"72":0.0488891602,"73":0.0458395481,"74":0.0590906143,"75":0.0474572182,"76":0.0476336479,"77":0.0461792946,"78":0.0470936298,"79":0.0475776196,"80":0.0471622944,"81":0.0462417603,"82":0.0467350483,"83":0.0469059944,"84":0.0483291149,"85":0.0468380451,"86":0.0458858013,"87":0.0464384556,"88":0.0479054451,"89":0.0450239182,"90":0.0457754135,"91":0.0450365543,"92":0.0467731953,"93":0.0466506481,"94":0.0462098122,"95":0.046346426,"96":0.0468330383,"97":0.0465154648,"98":0.0446107388,"99":0.0550172329},"Score":{"0":72.6202700603,"1":80.2737656504,"2":78.3521600515,"3":73.7100012678,"4":80.2737656504,"5":66.5389119557,"6":58.2713908449,"7":71.5172528221,"8":80.8621849609,"9":65.9543595832,"10":66.5389119557,"11":70.2676494769,"12":86.3766713886,"13":74.794427516,"14":70.9521782319,"15":67.0084993581,"16":65.8264144286,"17":67.3317698896,"18":78.8759234399,"19":72.7330913746,"20":78.3858780002,"21":71.3670937749,"22":90.7518427162,"23":75.0426242106,"24":64.2948303742,"25":71.9435847186,"26":79.860659122,"27":73.7100012678,"28":67.9500159683,"29":67.0501937751,"30":74.3322547723,"31":71.1617149973,"32":80.2737656504,"33":66.9204289332,"34":89.630953512,"35":73.1820124468,"36":69.8266483628,"37":85.0147840709,"38":67.3317698896,"39":71.3670937749,"40":86.2034781379,"41":74.0779151512,"42":80.6227949666,"43":92.5172082007,"44":67.9500159683,"45":75.9986989023,"46":72.2316323988,"47":90.7518427162,"48":78.7609950349,"49":69.9419062527,"50":74.3322547723,"51":66.8786273295,"52":78.7609950349,"53":71.1229459693,"54":83.3016093038,"55":82.0186428375,"56":69.9736199453,"57":91.641808826,"58":78.5570638512,"59":86.2034781379,"60":66.8737523866,"61":83.329166875,"62":71.5172528221,"63":91.641808826,"64":65.7049218243,"65":77.8971508338,"66":70.2847375287,"67":75.0426242106,"68":72.1800169623,"69":71.4992535478,"70":70.5980359626,"71":77.8971508338,"72":69.2505429243,"73":86.2034781379,"74":83.329166875,"75":79.860659122,"76":89.630953512,"77":77.9929603554,"78":72.663751397,"79":68.9059254962,"80":83.3016093038,"81":63.3910001261,"82":72.3335676941,"83":99.1787995398,"84":69.8771001562,"85":72.3696875222,"86":73.3119555671,"87":78.8759234399,"88":72.3335676941,"89":100.9279314013,"90":86.4091386305,"91":92.5172082007,"92":66.5329354664,"93":73.8356123926,"94":67.3981613782,"95":64.1120165153,"96":71.5172528221,"97":72.6963437374,"98":86.4091386305,"99":79.455886092},"gen":{"0":11,"1":11,"2":11,"3":11,"4":11,"5":11,"6":11,"7":11,"8":11,"9":11,"10":11,"11":11,"12":11,"13":11,"14":11,"15":11,"16":11,"17":11,"18":11,"19":11,"20":11,"21":11,"22":11,"23":11,"24":11,"25":11,"26":11,"27":11,"28":11,"29":11,"30":11,"31":11,"32":11,"33":11,"34":11,"35":11,"36":11,"37":11,"38":11,"39":11,"40":11,"41":11,"42":11,"43":11,"44":11,"45":11,"46":11,"47":11,"48":11,"49":11,"50":11,"51":11,"52":11,"53":11,"54":11,"55":11,"56":11,"57":11,"58":11,"59":11,"60":11,"61":11,"62":11,"63":11,"64":11,"65":11,"66":11,"67":11,"68":11,"69":11,"70":11,"71":11,"72":11,"73":11,"74":11,"75":11,"76":11,"77":11,"78":11,"79":11,"80":11,"81":11,"82":11,"83":11,"84":11,"85":11,"86":11,"87":11,"88":11,"89":11,"90":11,"91":11,"92":11,"93":11,"94":11,"95":11,"96":11,"97":11,"98":11,"99":11}}