{"Time":{"0":0.0363581181,"1":0.0365827084,"2":0.0349748135,"3":0.0362055302,"4":0.0349690914,"5":0.03708148,"6":0.0365097523,"7":0.0350735188,"8":0.0416676998,"9":0.0385968685,"10":0.0383813381,"11":0.0375401974,"12":0.0380685329,"13":0.0381674767,"14":0.0363721848,"15":0.0362691879,"16":0.0351381302,"17":0.03617239,"18":0.036798954,"19":0.0427958965,"20":0.0360229015,"21":0.0363924503,"22":0.0362787247,"23":0.0347247124,"24":0.036665678,"25":0.0369069576,"26":0.0361332893,"27":0.0355989933,"28":0.0344798565,"29":0.0365591049,"30":0.0367937088,"31":0.0378079414,"32":0.0380601883,"33":0.0363829136,"34":0.0363204479,"35":0.035353899,"36":0.0351536274,"37":0.0369749069,"38":0.0357244015,"39":0.0440831184,"40":0.0380532742,"41":0.0378620625,"42":0.0372209549,"43":0.0371699333,"44":0.0376412868,"45":0.0382342339,"46":0.0369572639,"47":0.0388486385,"48":0.0353853703,"49":0.0381886959,"50":0.0362484455,"51":0.037825346,"52":0.0369279385,"53":0.0368332863,"54":0.0383088589,"55":0.0358319283,"56":0.0373091698,"57":0.0369672775,"58":0.0378272533,"59":0.0361821651,"60":0.0375275612,"61":0.0364181995,"62":0.0377357006,"63":0.0368592739,"64":0.0385978222,"65":0.0359120369,"66":0.0366613865,"67":0.0375964642,"68":0.0357511044,"69":0.036097765,"70":0.0463569164,"71":0.0368278027,"72":0.0396182537,"73":0.0351185799,"74":0.0377938747,"75":0.0376656055,"76":0.0376529694,"77":0.0371332169,"78":0.0351746082,"79":0.0379731655,"80":0.0370256901,"81":0.0365717411,"82":0.0379126072,"83":0.0361125469,"84":0.0374341011,"85":0.035930872,"86":0.0357303619,"87":0.0368833542,"88":0.0380539894,"89":0.0371377468,"90":0.0368020535,"91":0.0361452103,"92":0.0368797779,"93":0.0368115902,"94":0.037209034,"95":0.0362799168,"96":0.0350606441,"97":0.0378892422,"98":0.037334919,"99":0.0428469181},"Score":{"0":3.4843205575,"1":3.6231884058,"2":3.5587188612,"3":3.6363636364,"4":3.5460992908,"5":3.5714285714,"6":3.6231884058,"7":3.4843205575,"8":3.5842293907,"9":3.5587188612,"10":3.5460992908,"11":3.4246575342,"12":3.4965034965,"13":3.4843205575,"14":3.5460992908,"15":3.4722222222,"16":3.6101083032,"17":3.5587188612,"18":3.5587188612,"19":3.5460992908,"20":3.5587188612,"21":3.5587188612,"22":3.4843205575,"23":3.4843205575,"24":3.5587188612,"25":3.5714285714,"26":3.6363636364,"27":3.6231884058,"28":3.4482758621,"29":3.6231884058,"30":3.4965034965,"31":3.5587188612,"32":3.6231884058,"33":3.6231884058,"34":3.6363636364,"35":3.5714285714,"36":3.5587188612,"37":3.4722222222,"38":3.663003663,"39":3.6231884058,"40":3.5587188612,"41":3.4843205575,"42":3.5587188612,"43":3.5842293907,"44":3.5842293907,"45":3.4965034965,"46":3.4246575342,"47":3.5842293907,"48":3.5714285714,"49":3.663003663,"50":3.5587188612,"51":3.5460992908,"52":3.663003663,"53":3.5460992908,"54":3.6363636364,"55":3.5587188612,"56":3.5587188612,"57":3.6363636364,"58":3.6231884058,"59":3.6363636364,"60":3.6363636364,"61":3.5714285714,"62":3.5714285714,"63":3.4965034965,"64":3.5842293907,"65":3.4965034965,"66":3.663003663,"67":3.6363636364,"68":3.5587188612,"69":3.5460992908,"70":3.5211267606,"71":3.5460992908,"72":3.5842293907,"73":3.5587188612,"74":3.5587188612,"75":3.5587188612,"76":3.5587188612,"77":3.4965034965,"78":3.6231884058,"79":3.367003367,"80":3.5842293907,"81":3.6231884058,"82":3.663003663,"83":3.5587188612,"84":3.4722222222,"85":3.6363636364,"86":3.4364261168,"87":3.4843205575,"88":3.6231884058,"89":3.4965034965,"90":3.5714285714,"91":3.5714285714,"92":3.5460992908,"93":3.5587188612,"94":3.5460992908,"95":3.6496350365,"96":3.5714285714,"97":3.5211267606,"98":3.5842293907,"99":3.5587188612},"gen":{"0":11,"1":11,"2":11,"3":11,"4":11,"5":11,"6":11,"7":11,"8":11,"9":11,"10":11,"11":11,"12":11,"13":11,"14":11,"15":11,"16":11,"17":11,"18":11,"19":13,"20":11,"21":11,"22":11,"23":11,"24":11,"25":11,"26":11,"27":11,"28":11,"29":11,"30":11,"31":11,"32":11,"33":11,"34":11,"35":11,"36":11,"37":11,"38":11,"39":11,"40":11,"41":11,"42":11,"43":11,"44":11,"45":11,"46":11,"47":11,"48":11,"49":11,"50":11,"51":11,"52":11,"53":11,"54":11,"55":11,"56":11,"57":11,"58":11,"59":11,"60":11,"61":11,"62":11,"63":11,"64":11,"65":11,"66":11,"67":11,"68":11,"69":11,"70":11,"71":11,"72":11,"73":11,"74":11,"75":11,"76":11,"77":11,"78":11,"79":11,"80":11,"81":11,"82":11,"83":11,"84":11,"85":11,"86":11,"87":11,"88":11,"89":11,"90":11,"91":11,"92":11,"93":11,"94":11,"95":11,"96":11,"97":11,"98":11,"99":11}}