{"Time":{"0":0.0765504837,"1":0.0746991634,"2":0.0742077827,"3":0.0764217377,"4":0.0743455887,"5":0.0752518177,"6":0.0736708641,"7":0.0763773918,"8":0.074760437,"9":0.0778307915,"10":0.0728626251,"11":0.0720281601,"12":0.0746400356,"13":0.075517416,"14":0.0750923157,"15":0.0761218071,"16":0.0722596645,"17":0.0741775036,"18":0.0730946064,"19":0.072766304,"20":0.0763573647,"21":0.0821340084,"22":0.073374033,"23":0.0760259628,"24":0.074518919,"25":0.075750351,"26":0.0750873089,"27":0.0730166435,"28":0.0734672546,"29":0.0737423897,"30":0.0741281509,"31":0.0760374069,"32":0.0753965378,"33":0.0760011673,"34":0.0762932301,"35":0.0746514797,"36":0.0737109184,"37":0.076375246,"38":0.0746457577,"39":0.0807113647,"40":0.0768113136,"41":0.0752937794,"42":0.0744845867,"43":0.0763390064,"44":0.0767736435,"45":0.0753860474,"46":0.0762052536,"47":0.0852513313,"48":0.07751894,"49":0.0758092403,"50":0.0747261047,"51":0.0751326084,"52":0.0793273449,"53":0.0748920441,"54":0.0766537189,"55":0.0738501549,"56":0.0753974915,"57":0.0738995075,"58":0.0747163296,"59":0.0762338638,"60":0.0742022991,"61":0.0734615326,"62":0.0778515339,"63":0.077193737,"64":0.0740172863,"65":0.0775473118,"66":0.0783464909,"67":0.0745100975,"68":0.0772190094,"69":0.0759906769,"70":0.0726060867,"71":0.0743055344,"72":0.0763475895,"73":0.0770537853,"74":0.0721466541,"75":0.0734570026,"76":0.0729424953,"77":0.0722329617,"78":0.0758984089,"79":0.07218647,"80":0.0724935532,"81":0.0704095364,"82":0.0735142231,"83":0.0698134899,"84":0.0717408657,"85":0.0713727474,"86":0.073622942,"87":0.0754518509,"88":0.0730929375,"89":0.0732991695,"90":0.0716962814,"91":0.0738892555,"92":0.0730113983,"93":0.0742862225,"94":0.0757286549,"95":0.0800526142,"96":0.0732767582,"97":0.0718228817,"98":0.0707342625,"99":0.0767126083},"Score":{"0":8.2614013121,"1":8.4968769729,"2":8.8185847794,"3":8.985641484,"4":7.8511133703,"5":7.8448015834,"6":8.2816331679,"7":8.2822360779,"8":8.2564724552,"9":8.576263869,"10":8.4693812389,"11":8.558947181,"12":8.4052330981,"13":7.7125091268,"14":7.544048568,"15":8.1143539676,"16":8.228420966,"17":8.3332722227,"18":8.1661351193,"19":8.2786802459,"20":8.2824240336,"21":8.274518059,"22":8.0980839933,"23":8.3396158439,"24":8.1367812456,"25":8.1737811258,"26":8.523473561,"27":8.2879670736,"28":8.0448503626,"29":8.0118806576,"30":7.9992864636,"31":8.2654246048,"32":8.5325629908,"33":8.2645393081,"34":8.6625086625,"35":8.4550551253,"36":8.4659281104,"37":7.5001695038,"38":7.8133350502,"39":8.0885927385,"40":8.1933687462,"41":7.9431360422,"42":7.9393396343,"43":9.0213853745,"44":7.9643204814,"45":8.3942334974,"46":8.5758674404,"47":8.174925085,"48":8.5091696514,"49":7.7269798396,"50":8.1584328499,"51":7.8096019055,"52":8.0098611002,"53":8.737981998,"54":8.144859254,"55":7.766857576,"56":7.8903232445,"57":7.8563284926,"58":8.0579553937,"59":8.3013013784,"60":7.7338922359,"61":7.8731063113,"62":9.8436086827,"63":8.1568743119,"64":8.2574439825,"65":8.191302966,"66":8.0202237963,"67":7.9012907549,"68":8.1470543307,"69":8.2721196479,"70":8.318585867,"71":7.9420976605,"72":7.9502290222,"73":8.0850024821,"74":8.8174129798,"75":7.649546141,"76":7.8569371176,"77":7.9512493003,"78":8.4083752799,"79":7.9659173447,"80":7.6897050229,"81":7.817816115,"82":8.073930071,"83":7.8020403896,"84":8.0815251325,"85":8.6279788097,"86":7.8248375681,"87":8.4829729766,"88":8.225483535,"89":8.2163523323,"90":7.7482422531,"91":8.953689726,"92":8.3485276537,"93":8.1795148304,"94":8.1532045844,"95":7.9619824891,"96":8.0240335854,"97":8.0982571255,"98":8.471036383,"99":7.8320679322},"gen":{"0":11,"1":11,"2":11,"3":11,"4":11,"5":11,"6":11,"7":11,"8":11,"9":11,"10":11,"11":11,"12":11,"13":11,"14":11,"15":11,"16":11,"17":11,"18":11,"19":11,"20":11,"21":11,"22":11,"23":11,"24":11,"25":11,"26":11,"27":11,"28":11,"29":11,"30":11,"31":11,"32":11,"33":11,"34":11,"35":11,"36":11,"37":11,"38":11,"39":11,"40":11,"41":11,"42":11,"43":11,"44":11,"45":11,"46":11,"47":11,"48":11,"49":11,"50":11,"51":11,"52":11,"53":11,"54":11,"55":11,"56":11,"57":11,"58":11,"59":11,"60":11,"61":11,"62":11,"63":11,"64":11,"65":11,"66":11,"67":11,"68":11,"69":11,"70":11,"71":11,"72":11,"73":11,"74":11,"75":11,"76":11,"77":11,"78":11,"79":11,"80":11,"81":11,"82":11,"83":11,"84":11,"85":11,"86":11,"87":11,"88":11,"89":11,"90":11,"91":11,"92":11,"93":11,"94":11,"95":11,"96":11,"97":11,"98":11,"99":11}}