{"Time":{"0":0.4138419628,"1":0.4125440121,"2":0.4119005203,"3":0.4161384106,"4":0.4135582447,"5":0.4055650234,"6":0.4058609009,"7":0.4097156525,"8":0.4159417152,"9":0.4108481407,"10":0.4135124683,"11":0.4129219055,"12":0.4159195423,"13":0.4274475574,"14":0.4153950214,"15":0.4118359089,"16":0.4115478992,"17":0.4151568413,"18":0.4123487473,"19":0.4145839214,"20":0.4154586792,"21":0.4089577198,"22":0.4097867012,"23":0.41512537,"24":0.4141879082,"25":0.4118111134,"26":0.4173879623,"27":0.4174830914,"28":0.4082229137,"29":0.4119637012,"30":0.421859026,"31":0.4193966389,"32":0.4208292961,"33":0.4189786911,"34":0.4130318165,"35":0.4147906303,"36":0.4147827625,"37":0.4133675098,"38":0.4106061459,"39":0.4164469242,"40":0.4237041473,"41":0.4162814617,"42":0.415443182,"43":0.4131095409,"44":0.4118340015,"45":0.4144220352,"46":0.4327542782,"47":0.4114530087,"48":0.4121208191,"49":0.4204618931,"50":0.4114730358,"51":0.4166352749,"52":0.4150443077,"53":0.4133052826,"54":0.4119572639,"55":0.4107017517,"56":0.4107670784,"57":0.4183404446,"58":0.4179997444,"59":0.4150333405,"60":0.4173297882,"61":0.4119479656,"62":0.4150891304,"63":0.410050869,"64":0.4100072384,"65":0.4106895924,"66":0.4143779278,"67":0.4123106003,"68":0.4211070538,"69":0.41375494,"70":0.4112753868,"71":0.4147341251,"72":0.4179327488,"73":0.4156532288,"74":0.4120442867,"75":0.412733078,"76":0.4067437649,"77":0.4103786945,"78":0.4124658108,"79":0.4145827293,"80":0.4132037163,"81":0.4177107811,"82":0.406099081,"83":0.4127211571,"84":0.4117991924,"85":0.4072980881,"86":0.4120078087,"87":0.4016735554,"88":0.406563282,"89":0.4081916809,"90":0.4096210003,"91":0.4165549278,"92":0.4297354221,"93":0.442460537,"94":0.4141736031,"95":0.4270794392,"96":0.4169485569,"97":0.4143896103,"98":0.4188499451,"99":0.4109551907},"Score":{"0":1.647446458,"1":1.6447368421,"2":1.6393442623,"3":1.6393442623,"4":1.652892562,"5":1.6447368421,"6":1.6339869281,"7":1.6260162602,"8":1.6339869281,"9":1.6447368421,"10":1.6447368421,"11":1.6420361248,"12":1.6366612111,"13":1.652892562,"14":1.6501650165,"15":1.6286644951,"16":1.6447368421,"17":1.6366612111,"18":1.6501650165,"19":1.6366612111,"20":1.647446458,"21":1.6339869281,"22":1.6339869281,"23":1.6260162602,"24":1.6447368421,"25":1.6447368421,"26":1.652892562,"27":1.647446458,"28":1.6501650165,"29":1.6447368421,"30":1.6447368421,"31":1.6420361248,"32":1.6447368421,"33":1.6313213703,"34":1.6447368421,"35":1.6313213703,"36":1.6611295681,"37":1.6286644951,"38":1.6447368421,"39":1.6313213703,"40":1.6339869281,"41":1.6556291391,"42":1.6447368421,"43":1.6366612111,"44":1.6420361248,"45":1.647446458,"46":1.6666666667,"47":1.6611295681,"48":1.6393442623,"49":1.6366612111,"50":1.6393442623,"51":1.6420361248,"52":1.6286644951,"53":1.6366612111,"54":1.652892562,"55":1.6447368421,"56":1.647446458,"57":1.6447368421,"58":1.647446458,"59":1.6339869281,"60":1.6722408027,"61":1.647446458,"62":1.6501650165,"63":1.6949152542,"64":1.6366612111,"65":1.6447368421,"66":1.652892562,"67":1.6420361248,"68":1.6366612111,"69":1.652892562,"70":1.6420361248,"71":1.647446458,"72":1.6339869281,"73":1.6393442623,"74":1.6393442623,"75":1.6556291391,"76":1.6583747927,"77":1.652892562,"78":1.647446458,"79":1.6366612111,"80":1.652892562,"81":1.6447368421,"82":1.6339869281,"83":1.6556291391,"84":1.6583747927,"85":1.6420361248,"86":1.6447368421,"87":1.6420361248,"88":1.6420361248,"89":1.6366612111,"90":1.6393442623,"91":1.6556291391,"92":1.6501650165,"93":1.6286644951,"94":1.647446458,"95":1.647446458,"96":1.6556291391,"97":1.6393442623,"98":1.6501650165,"99":1.6447368421},"gen":{"0":11,"1":11,"2":11,"3":11,"4":11,"5":11,"6":11,"7":11,"8":11,"9":11,"10":11,"11":11,"12":11,"13":11,"14":11,"15":11,"16":11,"17":11,"18":11,"19":11,"20":11,"21":11,"22":11,"23":11,"24":11,"25":11,"26":11,"27":11,"28":11,"29":11,"30":11,"31":11,"32":11,"33":11,"34":11,"35":11,"36":11,"37":11,"38":11,"39":11,"40":11,"41":11,"42":11,"43":11,"44":11,"45":11,"46":14,"47":11,"48":11,"49":11,"50":11,"51":11,"52":11,"53":11,"54":11,"55":11,"56":11,"57":11,"58":11,"59":11,"60":11,"61":11,"62":11,"63":11,"64":11,"65":11,"66":11,"67":11,"68":11,"69":11,"70":11,"71":11,"72":11,"73":11,"74":11,"75":11,"76":11,"77":11,"78":11,"79":11,"80":11,"81":11,"82":11,"83":11,"84":11,"85":11,"86":11,"87":11,"88":11,"89":11,"90":11,"91":11,"92":11,"93":11,"94":11,"95":11,"96":11,"97":11,"98":11,"99":11}}