{"Time":{"0":0.4376511574,"1":0.4347434044,"2":0.4289410114,"3":0.432749033,"4":0.4344935417,"5":0.4340426922,"6":0.4372880459,"7":0.4305057526,"8":0.4334468842,"9":0.4275608063,"10":0.4372985363,"11":0.4350810051,"12":0.4335246086,"13":0.4373934269,"14":0.4341566563,"15":0.4320802689,"16":0.4363765717,"17":0.4326734543,"18":0.4349956512,"19":0.4378852844,"20":0.4397237301,"21":0.4329168797,"22":0.443038702,"23":0.4344563484,"24":0.4314782619,"25":0.4481079578,"26":0.4457850456,"27":0.4409534931,"28":0.4402284622,"29":0.4494810104,"30":0.4424948692,"31":0.4494140148,"32":0.4402523041,"33":0.4429724216,"34":0.4435982704,"35":0.4457676411,"36":0.4452860355,"37":0.4453995228,"38":0.4433579445,"39":0.4375362396,"40":0.4435198307,"41":0.4446635246,"42":0.4519762993,"43":0.4516599178,"44":0.4412648678,"45":0.4456131458,"46":0.4477856159,"47":0.4470982552,"48":0.4375157356,"49":0.4439325333,"50":0.4473478794,"51":0.4419858456,"52":0.4486792088,"53":0.4501745701,"54":0.4531214237,"55":0.4438517094,"56":0.4477312565,"57":0.4425773621,"58":0.4407606125,"59":0.4384906292,"60":0.4426870346,"61":0.4478027821,"62":0.4504716396,"63":0.4397246838,"64":0.456663847,"65":0.4439742565,"66":0.44109869,"67":0.4575731754,"68":0.4525873661,"69":0.4451286793,"70":0.4460680485,"71":0.4642238617,"72":0.4423666,"73":0.4479839802,"74":0.4471480846,"75":0.4434323311,"76":0.4460089207,"77":0.4401044846,"78":0.4476034641,"79":0.4500551224,"80":0.4508631229,"81":0.4716246128,"82":0.4627137184,"83":0.4676849842,"84":0.4755439758,"85":0.4688825607,"86":0.4634087086,"87":0.4452543259,"88":0.4629786015,"89":0.4518761635,"90":0.4672038555,"91":0.4666960239,"92":0.4602172375,"93":0.4782469273,"94":0.4585585594,"95":0.4605300426,"96":0.4610564709,"97":0.4938168526,"98":0.4789915085,"99":0.4910874367},"Score":{"0":10.8661612743,"1":9.7959849001,"2":9.4998915112,"3":10.1156982993,"4":10.6692511861,"5":9.8149152359,"6":10.1783314926,"7":10.4808355825,"8":10.440676961,"9":10.3946106023,"10":9.5978021801,"11":10.2305673187,"12":9.8842749094,"13":9.7716177499,"14":9.685197193,"15":9.7955953126,"16":10.6503974036,"17":9.2782952283,"18":10.4110902265,"19":10.1735029894,"20":10.3212126517,"21":9.5910749293,"22":10.1115680079,"23":11.0065077077,"24":9.314434346,"25":9.480581683,"26":9.4477899069,"27":9.4305236817,"28":9.7489299574,"29":9.8389811381,"30":10.6443130416,"31":9.3704158169,"32":10.0389007404,"33":9.7521015779,"34":10.2193553978,"35":9.4960286659,"36":9.6541124588,"37":10.2431729252,"38":11.207525719,"39":9.257150686,"40":10.8449518918,"41":10.2858763911,"42":10.1172999759,"43":9.6319515721,"44":9.3707477304,"45":9.6651527171,"46":9.1376356368,"47":9.9370280595,"48":9.3666478772,"49":9.1917044867,"50":9.4397686124,"51":10.2290781596,"52":9.2856744236,"53":9.4080315989,"54":10.7329303476,"55":9.6761321171,"56":10.6296414994,"57":10.1421606372,"58":9.5131909906,"59":9.8510346246,"60":10.143391033,"61":10.2457819653,"62":11.119809273,"63":9.4286822021,"64":9.8344662638,"65":10.4727581045,"66":9.2215210383,"67":9.5785413088,"68":9.2170256529,"69":9.7195397642,"70":10.2480005895,"71":9.6383349738,"72":9.7749570293,"73":9.6224386031,"74":9.6408438592,"75":9.8828272239,"76":9.5419446712,"77":10.509595576,"78":9.4381836253,"79":9.9824279321,"80":9.7182400384,"81":9.5098300736,"82":10.1272734969,"83":10.6235018207,"84":10.170229298,"85":9.8994248137,"86":10.0449501474,"87":10.0904100743,"88":10.0334716615,"89":10.1390653931,"90":9.9553998089,"91":9.7854558378,"92":8.7943941014,"93":9.2599580431,"94":10.2449989038,"95":9.4767830188,"96":9.658537848,"97":9.4921689606,"98":10.3583920792,"99":9.5600091814},"gen":{"0":11,"1":11,"2":11,"3":11,"4":11,"5":11,"6":11,"7":11,"8":11,"9":11,"10":11,"11":11,"12":11,"13":11,"14":11,"15":11,"16":11,"17":11,"18":11,"19":11,"20":11,"21":11,"22":11,"23":11,"24":11,"25":11,"26":11,"27":11,"28":11,"29":11,"30":11,"31":11,"32":11,"33":11,"34":11,"35":11,"36":11,"37":11,"38":11,"39":11,"40":11,"41":11,"42":11,"43":11,"44":11,"45":11,"46":11,"47":11,"48":11,"49":11,"50":11,"51":11,"52":11,"53":11,"54":11,"55":11,"56":11,"57":11,"58":11,"59":11,"60":11,"61":11,"62":11,"63":11,"64":11,"65":11,"66":11,"67":11,"68":11,"69":11,"70":11,"71":11,"72":11,"73":11,"74":11,"75":11,"76":11,"77":11,"78":11,"79":11,"80":11,"81":11,"82":11,"83":11,"84":11,"85":11,"86":11,"87":11,"88":11,"89":11,"90":11,"91":11,"92":11,"93":11,"94":11,"95":11,"96":11,"97":11,"98":11,"99":11}}