{"Time":{"0":0.057107687,"1":0.0539398193,"2":0.0588803291,"3":0.0569653511,"4":0.0551133156,"5":0.0546314716,"6":0.0550096035,"7":0.0547215939,"8":0.0546462536,"9":0.0573482513,"10":0.0558450222,"11":0.0555355549,"12":0.0562067032,"13":0.0547361374,"14":0.057551384,"15":0.0556333065,"16":0.0557134151,"17":0.0561687946,"18":0.0550439358,"19":0.0545804501,"20":0.056214571,"21":0.0552401543,"22":0.0541708469,"23":0.0558414459,"24":0.06107831,"25":0.0557029247,"26":0.0559761524,"27":0.0560574532,"28":0.0540232658,"29":0.0651111603,"30":0.054972887,"31":0.0548379421,"32":0.0544910431,"33":0.0524120331,"34":0.0565748215,"35":0.0555386543,"36":0.0558717251,"37":0.0555539131,"38":0.0558941364,"39":0.0562255383,"40":0.0554664135,"41":0.0538089275,"42":0.0541882515,"43":0.0543425083,"44":0.055426836,"45":0.0556538105,"46":0.0576589108,"47":0.0559127331,"48":0.0540111065,"49":0.0552978516,"50":0.0541529655,"51":0.0540554523,"52":0.0556426048,"53":0.053276062,"54":0.0532197952,"55":0.0535459518,"56":0.0560750961,"57":0.0539116859,"58":0.0658998489,"59":0.0567698479,"60":0.0544250011,"61":0.0536985397,"62":0.0547616482,"63":0.0527658463,"64":0.0548713207,"65":0.0548756123,"66":0.0548055172,"67":0.0570278168,"68":0.053153038,"69":0.0554981232,"70":0.0539064407,"71":0.0527598858,"72":0.0556387901,"73":0.0558476448,"74":0.0542860031,"75":0.0535843372,"76":0.0551054478,"77":0.0536394119,"78":0.0549929142,"79":0.0532979965,"80":0.0533819199,"81":0.0528366566,"82":0.0544905663,"83":0.0541145802,"84":0.053416729,"85":0.0551533699,"86":0.062048912,"87":0.0562312603,"88":0.0554001331,"89":0.0545854568,"90":0.0542106628,"91":0.0547642708,"92":0.0542316437,"93":0.056748867,"94":0.0559322834,"95":0.053855896,"96":0.056073904,"97":0.0549967289,"98":0.0532948971,"99":0.0556602478},"Score":{"0":1.6863406408,"1":1.6694490818,"2":1.7064846416,"3":1.7035775128,"4":1.6920473773,"5":1.6863406408,"6":1.6835016835,"7":1.7064846416,"8":1.6891891892,"9":1.6420361248,"10":1.724137931,"11":1.7123287671,"12":1.7182130584,"13":1.6949152542,"14":1.7301038062,"15":1.6920473773,"16":1.7123287671,"17":1.6666666667,"18":1.6977928693,"19":1.7301038062,"20":1.6806722689,"21":1.6835016835,"22":1.7064846416,"23":1.7182130584,"24":1.7094017094,"25":1.6611295681,"26":1.6722408027,"27":1.7035775128,"28":1.6556291391,"29":1.7152658662,"30":1.7211703959,"31":1.6835016835,"32":1.6806722689,"33":1.6638935108,"34":1.7123287671,"35":1.6863406408,"36":1.7391304348,"37":1.724137931,"38":1.7211703959,"39":1.6233766234,"40":1.6638935108,"41":1.6666666667,"42":1.7123287671,"43":1.7006802721,"44":1.6501650165,"45":1.6863406408,"46":1.7301038062,"47":1.675041876,"48":1.675041876,"49":1.7094017094,"50":1.7211703959,"51":1.7152658662,"52":1.7035775128,"53":1.6891891892,"54":1.6920473773,"55":1.6611295681,"56":1.7391304348,"57":1.7152658662,"58":1.7211703959,"59":1.7421602787,"60":1.6835016835,"61":1.7094017094,"62":1.6891891892,"63":1.6420361248,"64":1.6949152542,"65":1.6863406408,"66":1.6420361248,"67":1.6722408027,"68":1.6393442623,"69":1.7182130584,"70":1.7123287671,"71":1.6835016835,"72":1.7301038062,"73":1.7211703959,"74":1.6233766234,"75":1.6863406408,"76":1.7211703959,"77":1.6920473773,"78":1.6835016835,"79":1.7123287671,"80":1.7211703959,"81":1.7271157168,"82":1.7391304348,"83":1.6920473773,"84":1.6556291391,"85":1.6722408027,"86":1.6501650165,"87":1.6835016835,"88":1.6583747927,"89":1.6891891892,"90":1.7094017094,"91":1.6891891892,"92":1.7301038062,"93":1.6977928693,"94":1.733102253,"95":1.675041876,"96":1.7421602787,"97":1.7452006981,"98":1.6835016835,"99":1.7123287671},"gen":{"0":11,"1":11,"2":11,"3":11,"4":11,"5":11,"6":11,"7":11,"8":11,"9":11,"10":11,"11":11,"12":11,"13":11,"14":11,"15":11,"16":11,"17":11,"18":11,"19":11,"20":11,"21":11,"22":11,"23":11,"24":13,"25":11,"26":11,"27":11,"28":11,"29":11,"30":11,"31":11,"32":11,"33":11,"34":11,"35":11,"36":11,"37":11,"38":11,"39":11,"40":11,"41":11,"42":11,"43":11,"44":11,"45":11,"46":11,"47":11,"48":11,"49":11,"50":11,"51":11,"52":11,"53":11,"54":11,"55":11,"56":11,"57":11,"58":11,"59":11,"60":11,"61":11,"62":11,"63":11,"64":11,"65":11,"66":11,"67":11,"68":11,"69":11,"70":11,"71":11,"72":11,"73":11,"74":11,"75":11,"76":11,"77":11,"78":11,"79":11,"80":11,"81":11,"82":11,"83":11,"84":11,"85":11,"86":11,"87":11,"88":11,"89":11,"90":11,"91":11,"92":11,"93":11,"94":11,"95":11,"96":11,"97":11,"98":11,"99":11}}