{"Time":{"0":0.0961918831,"1":0.0938253403,"2":0.0936660767,"3":0.0932579041,"4":0.0909721851,"5":0.0953512192,"6":0.0951530933,"7":0.0958697796,"8":0.0906381607,"9":0.0925652981,"10":0.1080343723,"11":0.0933670998,"12":0.0951340199,"13":0.1335268021,"14":0.0948786736,"15":0.0958564281,"16":0.0961306095,"17":0.0958702564,"18":0.0976362228,"19":0.0981783867,"20":0.1043889523,"21":0.0965776443,"22":0.0899441242,"23":0.0920710564,"24":0.0947070122,"25":0.0921158791,"26":0.0920557976,"27":0.0888910294,"28":0.0988900661,"29":0.0895059109,"30":0.0923206806,"31":0.0938477516,"32":0.0888359547,"33":0.0895719528,"34":0.09288311,"35":0.0896596909,"36":0.1120398045,"37":0.0918896198,"38":0.0881938934,"39":0.0890426636,"40":0.0900058746,"41":0.0929236412,"42":0.0905115604,"43":0.0995116234,"44":0.0925314426,"45":0.090542078,"46":0.0888774395,"47":0.0904076099,"48":0.0925898552,"49":0.0924530029,"50":0.0882306099,"51":0.090736866,"52":0.097004652,"53":0.0916061401,"54":0.0890328884,"55":0.0907213688,"56":0.0886039734,"57":0.0906608105,"58":0.0965390205,"59":0.0896418095,"60":0.0900697708,"61":0.0901532173,"62":0.09055233,"63":0.0894927979,"64":0.0886597633,"65":0.0933713913,"66":0.0896925926,"67":0.0905992985,"68":0.0905508995,"69":0.0905706882,"70":0.09004879,"71":0.0915987492,"72":0.0955638885,"73":0.0964763165,"74":0.088051796,"75":0.0924913883,"76":0.0932109356,"77":0.0927433968,"78":0.0936310291,"79":0.0932254791,"80":0.0894422531,"81":0.0883419514,"82":0.0926382542,"83":0.0892994404,"84":0.0936162472,"85":0.0904910564,"86":0.091023922,"87":0.1034345627,"88":0.0906326771,"89":0.0884339809,"90":0.0921330452,"91":0.0901532173,"92":0.0918288231,"93":0.0913271904,"94":0.0904915333,"95":0.0888102055,"96":0.0908677578,"97":0.0922203064,"98":0.0918974876,"99":0.088303566},"Score":{"0":0.9259259259,"1":0.9416195857,"2":0.9416195857,"3":0.9302325581,"4":0.9250693802,"5":0.9398496241,"6":0.9487666034,"7":0.9267840593,"8":0.9407337723,"9":0.9337068161,"10":0.9451795841,"11":0.9310986965,"12":0.9259259259,"13":0.9487666034,"14":0.9140767824,"15":0.9174311927,"16":0.9425070688,"17":0.9242144177,"18":0.9425070688,"19":0.9372071228,"20":0.9372071228,"21":0.946969697,"22":0.9149130833,"23":0.9182736455,"24":0.9242144177,"25":0.9398496241,"26":0.9451795841,"27":0.9310986965,"28":0.9505703422,"29":0.9319664492,"30":0.9398496241,"31":0.9276437848,"32":0.9345794393,"33":0.935453695,"34":0.936329588,"35":0.9416195857,"36":0.9398496241,"37":0.9389671362,"38":0.9174311927,"39":0.9380863039,"40":0.9442870633,"41":0.9460737938,"42":0.936329588,"43":0.9532888465,"44":0.9478672986,"45":0.946969697,"46":0.9250693802,"47":0.936329588,"48":0.9372071228,"49":0.9337068161,"50":0.9242144177,"51":0.9442870633,"52":0.9514747859,"53":0.9451795841,"54":0.9216589862,"55":0.935453695,"56":0.946969697,"57":0.9066183137,"58":0.9293680297,"59":0.9407337723,"60":0.9208103131,"61":0.935453695,"62":0.946969697,"63":0.9259259259,"64":0.9310986965,"65":0.9276437848,"66":0.9115770283,"67":0.9487666034,"68":0.9233610342,"69":0.9389671362,"70":0.9407337723,"71":0.9398496241,"72":0.9523809524,"73":0.9514747859,"74":0.9451795841,"75":0.9451795841,"76":0.946969697,"77":0.9319664492,"78":0.9259259259,"79":0.935453695,"80":0.936329588,"81":0.9285051068,"82":0.9328358209,"83":0.9140767824,"84":0.9425070688,"85":0.9407337723,"86":0.9216589862,"87":0.9398496241,"88":0.9233610342,"89":0.946969697,"90":0.9074410163,"91":0.9337068161,"92":0.9267840593,"93":0.9425070688,"94":0.9416195857,"95":0.946969697,"96":0.9216589862,"97":0.9433962264,"98":0.9478672986,"99":0.935453695},"gen":{"0":11,"1":11,"2":11,"3":11,"4":11,"5":11,"6":11,"7":11,"8":11,"9":11,"10":13,"11":11,"12":11,"13":15,"14":11,"15":11,"16":11,"17":11,"18":11,"19":11,"20":11,"21":11,"22":11,"23":11,"24":11,"25":11,"26":12,"27":11,"28":11,"29":11,"30":11,"31":11,"32":11,"33":11,"34":11,"35":11,"36":14,"37":11,"38":11,"39":11,"40":11,"41":11,"42":11,"43":11,"44":11,"45":11,"46":11,"47":11,"48":11,"49":11,"50":11,"51":11,"52":12,"53":11,"54":11,"55":11,"56":11,"57":11,"58":11,"59":11,"60":11,"61":11,"62":11,"63":11,"64":11,"65":11,"66":11,"67":11,"68":11,"69":11,"70":11,"71":11,"72":11,"73":11,"74":11,"75":11,"76":11,"77":11,"78":11,"79":11,"80":11,"81":11,"82":11,"83":11,"84":11,"85":11,"86":11,"87":12,"88":11,"89":11,"90":11,"91":11,"92":11,"93":11,"94":11,"95":11,"96":11,"97":11,"98":11,"99":11}}