{"Time":{"0":0.1340942383,"1":0.1265804768,"2":0.1300635338,"3":0.1420521736,"4":0.1284646988,"5":0.13047719,"6":0.129761219,"7":0.1570663452,"8":0.1301417351,"9":0.1402685642,"10":0.1726970673,"11":0.1500535011,"12":0.133698225,"13":0.1320316792,"14":0.131598711,"15":0.1277825832,"16":0.1306321621,"17":0.1291468143,"18":0.1296870708,"19":0.2044126987,"20":0.1324119568,"21":0.1352033615,"22":0.1285469532,"23":0.130833149,"24":0.1283144951,"25":0.133535862,"26":0.1327338219,"27":0.132368803,"28":0.1335809231,"29":0.1485171318,"30":0.1617224216,"31":0.1534509659,"32":0.1344532967,"33":0.1301579475,"34":0.1364364624,"35":0.1289377213,"36":0.1309394836,"37":0.1294353008,"38":0.1281280518,"39":0.1724963188,"40":0.1269440651,"41":0.131788969,"42":0.1295781136,"43":0.1291165352,"44":0.1285483837,"45":0.1379745007,"46":0.1258797646,"47":0.1299214363,"48":0.1291360855,"49":0.1273877621,"50":0.1329488754,"51":0.126595974,"52":0.1353042126,"53":0.1296458244,"54":0.1283221245,"55":0.1469068527,"56":0.13245821,"57":0.1285135746,"58":0.133872509,"59":0.131102562,"60":0.1285500526,"61":0.1312918663,"62":0.1322588921,"63":0.1373717785,"64":0.1285150051,"65":0.130402565,"66":0.1285552979,"67":0.1275954247,"68":0.1311039925,"69":0.1320314407,"70":0.1333229542,"71":0.2102351189,"72":0.1298828125,"73":0.1332786083,"74":0.1315796375,"75":0.1332318783,"76":0.1297061443,"77":0.1321489811,"78":0.1333503723,"79":0.133074522,"80":0.1305806637,"81":0.1286215782,"82":0.1375060081,"83":0.135196209,"84":0.1471278667,"85":0.1335031986,"86":0.1398296356,"87":0.1325712204,"88":0.1315369606,"89":0.1302866936,"90":0.1280789375,"91":0.1310992241,"92":0.1697335243,"93":0.1283156872,"94":0.1305332184,"95":0.1326546669,"96":0.1320078373,"97":0.128582716,"98":0.1356298923,"99":0.1340193748},"Score":{"0":1.0160046746,"1":1.0329367159,"2":1.0211812496,"3":1.0459858035,"4":1.0645294889,"5":1.024820276,"6":1.0496627019,"7":1.0038106257,"8":1.0439285554,"9":1.0362046377,"10":1.0751804905,"11":1.0329419227,"12":1.0678744982,"13":1.0085243504,"14":1.0269808406,"15":1.0147916745,"16":1.0215387148,"17":1.0389597436,"18":1.0200606973,"19":1.0571396117,"20":1.054872617,"21":1.0637166485,"22":1.0229938324,"23":1.0248324696,"24":1.0236125615,"25":1.0358964966,"26":1.0241725198,"27":1.0611796378,"28":1.0316979178,"29":1.0260303489,"30":1.068120176,"31":1.035741363,"32":1.0374777853,"33":1.0623997971,"34":1.0574663932,"35":1.0484740153,"36":1.0274866446,"37":1.0390681305,"38":1.0088352581,"39":1.0690054796,"40":1.0573900792,"41":1.008159031,"42":1.0367885334,"43":1.0648907016,"44":1.0365481917,"45":1.0451982172,"46":1.025973041,"47":1.0422896953,"48":1.0880609036,"49":1.0380665761,"50":1.0379956652,"51":1.0382572246,"52":1.047659607,"53":1.0452888539,"54":1.0359838957,"55":1.0390652262,"56":1.0557733604,"57":1.022259308,"58":1.0096088921,"59":1.07225794,"60":1.0159700742,"61":1.0225771956,"62":1.0154312034,"63":1.0486321621,"64":0.9969348242,"65":1.0010068628,"66":1.0653977694,"67":1.0140347891,"68":1.018485927,"69":1.038210809,"70":1.0362600446,"71":1.0553586256,"72":1.0282095564,"73":1.0188998692,"74":1.0203940027,"75":1.0586872701,"76":1.0085578148,"77":1.0553937109,"78":1.0642123603,"79":1.0308328284,"80":1.0248096055,"81":1.0446899995,"82":1.0296495623,"83":1.0089993052,"84":1.0361470573,"85":1.043492681,"86":1.0110470233,"87":1.0146709651,"88":1.0353635674,"89":1.0182953252,"90":1.0347087354,"91":1.0407024125,"92":1.0393271413,"93":1.0158690117,"94":1.0298837347,"95":1.1183759821,"96":1.0397961708,"97":1.0411791996,"98":1.0807010248,"99":1.0115019403},"gen":{"0":11,"1":11,"2":11,"3":12,"4":11,"5":11,"6":11,"7":14,"8":11,"9":11,"10":15,"11":13,"12":11,"13":11,"14":11,"15":11,"16":11,"17":11,"18":11,"19":18,"20":11,"21":11,"22":11,"23":11,"24":11,"25":11,"26":11,"27":11,"28":11,"29":13,"30":14,"31":13,"32":11,"33":11,"34":11,"35":11,"36":11,"37":11,"38":11,"39":15,"40":11,"41":11,"42":11,"43":11,"44":11,"45":11,"46":11,"47":11,"48":11,"49":11,"50":11,"51":11,"52":11,"53":11,"54":11,"55":13,"56":11,"57":11,"58":11,"59":11,"60":11,"61":11,"62":11,"63":11,"64":11,"65":11,"66":11,"67":11,"68":11,"69":11,"70":11,"71":19,"72":11,"73":11,"74":11,"75":11,"76":11,"77":11,"78":11,"79":11,"80":11,"81":11,"82":11,"83":11,"84":13,"85":11,"86":11,"87":11,"88":11,"89":11,"90":11,"91":11,"92":15,"93":11,"94":11,"95":11,"96":11,"97":11,"98":11,"99":11}}