{"Time":{"0":0.8819429874,"1":0.871778965,"2":0.8755970001,"3":0.8839297295,"4":0.8759815693,"5":0.878644228,"6":0.8647801876,"7":0.8889293671,"8":0.8740904331,"9":0.8706791401,"10":0.8720879555,"11":0.8831167221,"12":0.8699047565,"13":0.8960545063,"14":0.8732149601,"15":0.8707792759,"16":0.8715040684,"17":0.8779232502,"18":0.8797678947,"19":0.8718600273,"20":0.8833243847,"21":0.8685588837,"22":0.8593075275,"23":0.8641922474,"24":0.9041247368,"25":0.8714864254,"26":0.8690476418,"27":0.8708086014,"28":0.8982276917,"29":0.8710551262,"30":0.8670916557,"31":0.8864684105,"32":0.8716516495,"33":0.8905715942,"34":0.8826429844,"35":0.8657968044,"36":0.8593850136,"37":0.877363205,"38":0.8879292011,"39":0.8838586807,"40":0.8829607964,"41":0.8646810055,"42":0.8794281483,"43":0.8651871681,"44":0.8625018597,"45":0.882794857,"46":0.8587808609,"47":0.8760764599,"48":0.8605606556,"49":0.8622605801,"50":0.890059948,"51":0.874699831,"52":0.8569645882,"53":0.8656671047,"54":0.8654718399,"55":0.8766610622,"56":0.8940544128,"57":0.8960356712,"58":0.8527555466,"59":0.8608117104,"60":0.8673803806,"61":0.8615674973,"62":0.8545749187,"63":0.8846385479,"64":0.8657286167,"65":0.8574826717,"66":0.867480278,"67":0.8699691296,"68":0.8820431232,"69":0.85820508,"70":0.8619191647,"71":0.8804571629,"72":0.8759036064,"73":0.8651401997,"74":0.8761076927,"75":0.86257267,"76":0.8736550808,"77":0.8557295799,"78":0.8759126663,"79":0.8679900169,"80":0.880156517,"81":0.8825306892,"82":0.8654868603,"83":0.8614530563,"84":0.8816432953,"85":0.8762993813,"86":0.883327961,"87":0.8752052784,"88":0.8756406307,"89":0.8751761913,"90":0.8855850697,"91":0.871427536,"92":0.8907995224,"93":0.8958554268,"94":0.8917238712,"95":0.88398242,"96":0.8804214001,"97":0.8931434155,"98":0.8842160702,"99":0.9019291401},"Score":{"0":1.3387054691,"1":1.231719967,"2":1.1959683906,"3":1.1925353014,"4":1.2386843859,"5":1.2278797765,"6":1.1840768752,"7":1.2054583153,"8":1.1964321579,"9":1.2491312604,"10":1.154867901,"11":1.2003236457,"12":1.2073617482,"13":1.1906598923,"14":1.1549822388,"15":1.2396292616,"16":1.20934327,"17":1.237639769,"18":1.2425592446,"19":1.2002802798,"20":1.3123345458,"21":1.2331012111,"22":1.2290473845,"23":1.1984456831,"24":1.1639143623,"25":1.1746049011,"26":1.1773711664,"27":1.1829317475,"28":1.2452217728,"29":1.2923587043,"30":1.1927193548,"31":1.2555482836,"32":1.1847604547,"33":1.2140173011,"34":1.2333011031,"35":1.1660255236,"36":1.2164284896,"37":1.1959973413,"38":1.2239788222,"39":1.1966843896,"40":1.17652983,"41":1.1305082204,"42":1.240239132,"43":1.2339498447,"44":1.1988400695,"45":1.208367802,"46":1.2446102464,"47":1.2008365508,"48":1.1826986795,"49":1.2411136264,"50":1.2185640928,"51":1.1318298091,"52":1.1917752255,"53":1.213220434,"54":1.1880610321,"55":1.1847892865,"56":1.2120743452,"57":1.2017354502,"58":1.2173572649,"59":1.1755841425,"60":1.232584475,"61":1.2463380407,"62":1.339964119,"63":1.2930722362,"64":1.241997947,"65":1.2213197483,"66":1.1342073535,"67":1.2748789114,"68":1.2043242418,"69":1.2584301291,"70":1.1748036386,"71":1.2314800183,"72":1.1890269789,"73":1.2389896872,"74":1.1906631246,"75":1.2411807899,"76":1.1920108193,"77":1.1908172746,"78":1.1715382605,"79":1.1727352196,"80":1.1924524675,"81":1.2910218981,"82":1.2125242405,"83":1.2269172542,"84":1.2622624697,"85":1.2360850507,"86":1.2050750289,"87":1.1989059983,"88":1.2264217957,"89":1.2104036713,"90":1.2221425141,"91":1.1745315058,"92":1.2182470456,"93":1.1708299428,"94":1.2760727341,"95":1.2680973984,"96":1.263866767,"97":1.2123081868,"98":1.3166011583,"99":1.2218870667},"gen":{"0":11,"1":11,"2":11,"3":11,"4":11,"5":11,"6":11,"7":11,"8":11,"9":11,"10":11,"11":11,"12":11,"13":11,"14":11,"15":11,"16":11,"17":11,"18":11,"19":11,"20":11,"21":11,"22":11,"23":11,"24":15,"25":11,"26":11,"27":11,"28":11,"29":11,"30":11,"31":11,"32":11,"33":11,"34":11,"35":11,"36":11,"37":11,"38":11,"39":11,"40":11,"41":11,"42":11,"43":11,"44":11,"45":11,"46":11,"47":11,"48":11,"49":11,"50":11,"51":11,"52":11,"53":11,"54":11,"55":11,"56":11,"57":13,"58":11,"59":11,"60":11,"61":11,"62":11,"63":11,"64":11,"65":11,"66":11,"67":11,"68":11,"69":11,"70":11,"71":11,"72":11,"73":11,"74":11,"75":11,"76":11,"77":11,"78":11,"79":11,"80":11,"81":11,"82":11,"83":11,"84":11,"85":11,"86":11,"87":11,"88":11,"89":11,"90":11,"91":11,"92":11,"93":11,"94":11,"95":11,"96":11,"97":11,"98":11,"99":11}}