{"Time":{"0":0.8385179043,"1":0.8284039497,"2":0.897346735,"3":0.8491888046,"4":0.8393852711,"5":0.8276615143,"6":0.8225829601,"7":0.8336052895,"8":0.8479614258,"9":0.8420882225,"10":0.8383460045,"11":0.8317363262,"12":0.838570118,"13":0.8301594257,"14":0.8257856369,"15":0.8304181099,"16":0.8412690163,"17":0.8412656784,"18":0.834590435,"19":0.8365120888,"20":0.869058609,"21":0.8284304142,"22":0.8304371834,"23":0.8364846706,"24":0.8300786018,"25":0.8303081989,"26":0.8499107361,"27":0.8377180099,"28":0.834225893,"29":0.848752737,"30":0.8918952942,"31":0.8446781635,"32":0.8759207726,"33":0.8300340176,"34":0.8446695805,"35":0.8261110783,"36":0.8474247456,"37":0.8261473179,"38":0.8243620396,"39":0.8192980289,"40":0.836564064,"41":0.8310232162,"42":0.8523058891,"43":0.8267724514,"44":0.8111641407,"45":0.8396794796,"46":0.8218092918,"47":0.8242797852,"48":0.8325233459,"49":0.8514204025,"50":0.8409035206,"51":0.8164184093,"52":0.8222289085,"53":0.830391407,"54":0.8370087147,"55":0.8344643116,"56":0.8235387802,"57":0.8561599255,"58":0.8443508148,"59":0.8323931694,"60":0.8421647549,"61":0.8307843208,"62":0.8257277012,"63":0.834127903,"64":0.8283390999,"65":0.8343892097,"66":0.8307132721,"67":0.8302307129,"68":0.8279139996,"69":0.8226616383,"70":0.8368828297,"71":0.8647117615,"72":0.8399829865,"73":0.8486499786,"74":0.8368132114,"75":0.8471982479,"76":0.854186058,"77":0.8308675289,"78":0.8518311977,"79":0.8760399818,"80":0.8475663662,"81":0.827855587,"82":0.8317019939,"83":0.8313026428,"84":0.8353927135,"85":0.8308675289,"86":0.8315398693,"87":0.836766243,"88":0.8652813435,"89":0.8449516296,"90":0.8490960598,"91":0.8217890263,"92":0.8274519444,"93":0.8551666737,"94":0.8195590973,"95":0.8470780849,"96":0.8752496243,"97":0.8480041027,"98":0.8352248669,"99":0.8387916088},"Score":{"0":0.9233610342,"1":0.9328358209,"2":0.9372071228,"3":0.9380863039,"4":0.9442870633,"5":0.9505703422,"6":0.936329588,"7":0.935453695,"8":0.9267840593,"9":0.9407337723,"10":0.9233610342,"11":0.9442870633,"12":0.9389671362,"13":0.9276437848,"14":0.9319664492,"15":0.9276437848,"16":0.9259259259,"17":0.9345794393,"18":0.9372071228,"19":0.9372071228,"20":0.9460737938,"21":0.9460737938,"22":0.9259259259,"23":0.936329588,"24":0.9416195857,"25":0.9496676163,"26":0.935453695,"27":0.9442870633,"28":0.9389671362,"29":0.9225092251,"30":0.9416195857,"31":0.9460737938,"32":0.9478672986,"33":0.9372071228,"34":0.9337068161,"35":0.9389671362,"36":0.935453695,"37":0.9407337723,"38":0.9328358209,"39":0.9433962264,"40":0.9425070688,"41":0.936329588,"42":0.9532888465,"43":0.9216589862,"44":0.9259259259,"45":0.9398496241,"46":0.9372071228,"47":0.9398496241,"48":0.9416195857,"49":0.9425070688,"50":0.9380863039,"51":0.9460737938,"52":0.9372071228,"53":0.9233610342,"54":0.946969697,"55":0.9425070688,"56":0.9233610342,"57":0.9407337723,"58":0.9389671362,"59":0.946969697,"60":0.9389671362,"61":0.9523809524,"62":0.9285051068,"63":0.9259259259,"64":0.9425070688,"65":0.935453695,"66":0.9407337723,"67":0.9425070688,"68":0.936329588,"69":0.9496676163,"70":0.9398496241,"71":0.9496676163,"72":0.9380863039,"73":0.9433962264,"74":0.9442870633,"75":0.9319664492,"76":0.9380863039,"77":0.9276437848,"78":0.936329588,"79":0.9380863039,"80":0.9293680297,"81":0.9310986965,"82":0.9310986965,"83":0.9496676163,"84":0.9451795841,"85":0.9398496241,"86":0.9216589862,"87":0.9310986965,"88":0.935453695,"89":0.9442870633,"90":0.9293680297,"91":0.935453695,"92":0.9293680297,"93":0.9250693802,"94":0.9416195857,"95":0.9398496241,"96":0.9416195857,"97":0.9345794393,"98":0.9328358209,"99":0.9425070688},"gen":{"0":11,"1":11,"2":18,"3":11,"4":11,"5":11,"6":11,"7":11,"8":14,"9":11,"10":11,"11":11,"12":11,"13":11,"14":11,"15":11,"16":11,"17":11,"18":11,"19":12,"20":15,"21":12,"22":11,"23":13,"24":11,"25":11,"26":14,"27":11,"28":11,"29":15,"30":17,"31":11,"32":16,"33":11,"34":11,"35":11,"36":15,"37":11,"38":11,"39":11,"40":11,"41":11,"42":13,"43":11,"44":11,"45":11,"46":11,"47":12,"48":11,"49":14,"50":12,"51":11,"52":11,"53":11,"54":11,"55":11,"56":11,"57":13,"58":11,"59":11,"60":14,"61":12,"62":11,"63":11,"64":11,"65":12,"66":11,"67":11,"68":11,"69":11,"70":11,"71":12,"72":11,"73":11,"74":11,"75":14,"76":15,"77":11,"78":13,"79":17,"80":11,"81":11,"82":11,"83":11,"84":12,"85":11,"86":11,"87":11,"88":15,"89":13,"90":11,"91":11,"92":11,"93":15,"94":11,"95":13,"96":15,"97":14,"98":11,"99":12}}