{"Time":{"0":0.0009610653},"Score":{"0":2.7027027027}}