{"Time":{"0":0.0009884834},"Score":{"0":1.6025641026}}