{"Time":{"0":0.0009756088},"Score":{"0":0.9025270758}}